Kiat Memperkecil Mengendalikan Konversi lahan;Bambang Ismawan;;Sinar Tani;2004;;;;;;http://www.litbang.pertanian.go.id/artikel/one/87
Rehabilitation Aceh\'s soil;;Tragedi tsunami di NAD, Sumatera Utara dan daerah lainnya di Asia masih menyisakan harapan untuk perbaikan, yang diperlukan saat ini adalah usaha perbaikan jangka pendek dan menengah untuk membantu stakeholder setempat, khususnya di sektor pertanian. Mengutip Direktorat Jenderal Bina Produksi Tanaman pangan, hampir setengah dari 147.000 ha lahan padi irigasi dan 683.000 lahan tadah hujan mengalami kerusakan yang bervasiasi.Dr. Fahmuddin membagi tiga tingkat kerusakan lahan pertanian akibat tsunami, yaitu 1) endapan lumpur dan pasir laut yang tersisa, 2) salinitas, dan 3) hilangnya struktur lahan lapisan atas.Tiga tingkatan tersebut harus dipelajari terlebih dahulu sebelum dilakukan rehabilitasi lahan. Penggunaan foto satelit dan GIS akan sangat membantu dalam mempercepat penilaian awal rehabilitasi dimaksud. Sementara itu, analisis ground transect kekayaan hara lahan <del>-dari titik kemiringan terkecil yang mengalami kerusakan hingga ke pantai-</del> akan menunjukkan suatu tingkat kerusakan kesuburan sepanjang transects. Analisa macam ini penting bagi evaluasi kesuburan dan keseuaian lahan dalam menentukan rencana konservasi lahan selain untuk menentukan teknik rehabilitasi lahan.;The Jakarta Post;2005;;;;;;http://www.litbang.pertanian.go.id/artikel/one/88
Bioteknologi Mikroba untuk Pertanian Organik;Isroi, SSi, MSi.;Produktivitas hasil pertanian organik cenderung rendah dan lebih rentan terhadap serangan hama dan penyakit. Untuk menyikapi permasalahan tersebut, pemanfaatan bioteknologi berbasis mikroba antara lain Teknologi Kompos Bioaktif, Biofertilizer dan Agen Biokontorl yang diambil dari sumber-sumber kekayaan hayati sangat membantu dalam proses menghancurkan limbah organik, recycling hara tanaman, fikasi biologis nitrogen, pelarutan fosfat, biokontrol patogen dan merangsang pertumbuhan tanaman. Produktivitas dan daya dukung tanah tergantung pada aktivitas mikroba tersebut, sebab tanah pertanian yang subur mengandung lebih dari 100 juta mikroba per gram tanah.;Kompas;2004;;;;;;http://www.litbang.pertanian.go.id/artikel/one/89
Lahan dan Air, untuk Apa dan Siapa?;Dr. Ir. Gatot Irianto, M.S.;Bagaimana petani dapat meningkatkan pendapatan dan kesejahteraannya jika lahan yang dimiliki sebagai satu-satunya gantungan dan pegangan hidup kurang dari 0.5 hektar, dengan ketidakpastian distribusi dan alokasi air antarwilayah dan antar waktu yang amat tinggi dan selalu dikorbankan saat terjadi kelangkaan air. Pola, Strategi, dan pendekatan peningkatan kesejahteraan petani, harus dirombak secara mendasar dari pendekatan berbasis teknologi (technological base) semata ke kombinasi berbasis akses sumber daya (resources access base) didukung basis politik pemasaran(marketing political base) yang proposional. Argumennya dengan akses sumber daya memadai, skala usaha minimal, unit pengolahan hasil dan wilayah pengembangan, pendapatan usaha tani, serta daya saing produk dapat dioptimalkan. Indonesia perlu belajar dari negara serumpun, seperti Malaysia dan Filipina, dalam mewujudkan keadilan lahan dan air bagi rakyatnya.Tahapan mendasar yang harus segera dikerjakan pemerintah adalah mengurangi terjadinya konsentrasi/pemusatan kepemilikan dan penguasaan lahan dan air oleh segelintir elite dan mendistribusikan kepada generasi baru terdidik untuk diusahakan dengan dukungan pembiayaan dan pemasaran pemerintah. Generasi muda berpendidikan inilah yang diharapkan dapat mereformasi dan memodernisasi pertanian masa depan. Keadilan lahan dan air harus diwujudkan karena berdasar nisbah (ratio) antara luas lahan sawah nasional yang 11,97 juta hektar dimiliki 25,6 juta keluarga petani, sementara pemilik konsesi hak penguasaan hutan yang 266 menguasai lahan lebih dari 27 juta hektar. Dalam hal keadilan air, pemerintah harus segera meninjau kembali tanpa harus merasa kalah, Undang-undang (UU) no. 7 tahun 2004 tentang sumber daya air yang memberi peluang hak guna air kepada swasta yang secara nyata bertentangan dengan Pasal 33 UUD 1945. Selain menyengsarakan masyarakat dan petani, dampak negatif langsung dari implementasi UU itu sudah amat mengganggu sistem produksi pertanian nasional.;Kompas;2004;;;;;;http://www.litbang.pertanian.go.id/artikel/one/90
Nilam dan Potensi Pengembangannya;;;Sinar Tani;2005;;;;;;http://www.litbang.pertanian.go.id/artikel/one/91
Pranata Mangsa, Masih Penting untuk Pertanian;Dedik Wiriadiwangsa;Pranata mangsa merupakan perhitungan waktu berdasarkan kejadian-kejadian alam seperti musim penghujan, kemarau, letak bintang, pengaruh bulan purnama, dan lain-lain. Biasanya pranata mangsa dijadikan patokan untuk melakukan suatu kegiatan. Di masyarakat petani dan nelayan, pranata mangsa masih sering digunakan sebagai pertanda dalam melaksanakan pekerjaannya, untuk mengurangi resiko dan mencegah biaya produksi tinggi.;Sinar Tani;2005;;;;;;http://www.litbang.pertanian.go.id/artikel/one/92
Pemasaran Sayuran Melalui Angkutan Udara;;Kawasan Lembah Baliem di Kabupaten JayaWijaya merupakan merupakan wilayah yang cukup potensial bagi pengembangan sayur-sayuran dataran tinggi meliputi: kubis, bunga kubis, kentang, wortel, vetsai, daun bawang dan lain-lain. Orang Dani sebagai suku asli  di sana memiliki sedikit jiwa enterpreneurship sebagai dasar jiwa dagang, pada tahun 1990-an Freeport pernah membeli sayur-sayuran hasil petani di Wamena. Produk sayuran yang bersifat organik, karena diusahakan tanpa pupuk dan pestisida kimia (buatan pabrik). Transportasi udara merupakan saran utama yang ada di JayaWijaya, dengan memanfaatkan fasilitas pemerintah berupa penerbangan non reguler (Hercules TNI-AU) yang sering sekali digunakan untuk memasok barang kebutuhan pokok ke Wamena yang kadang-kadang pulang kosong keluar dari Wamena, dan penerbangan reguler yang sudah mendapat subsidi dari pemerintah terutama Manunggal Air dan Trigana Air. Diharapkan tarif angkut rendah (Rp. 3000,-/kg) dari Wamena ke luar dibandingkan dari luar ke Wamena (Rp. 4.500,-/kg dari jayapura).;Sinar Tani;2005;;;;;;http://www.litbang.pertanian.go.id/artikel/one/93
Model Cooperative Farming untuk Peningkatan Pendapatan Petani;Sri Nuryanti;Mengingat penerapan model cooperative farming (CF) membutuhkan biaya dan tenaga yang tidak sedikit, maka dalam mengimplementasikannya harus memperhatikan berbagai tahapanseperti diungkapkan Sri Nuryanti dari Puslitbang Sosial Ekonomi Pertanian, Badan Litbang Pertanian dalam tulisannya di Tabloid Sinar Tani.;Sinar Tani;2005;;;;;;http://www.litbang.pertanian.go.id/artikel/one/95
Buah Merah Perlu Diinventarisasi dan Diproteksi;;Buah merah dikenal sebagai tanaman yang berkhasiat untuk berbagai pengobatan. Saat ini harga minyak buah merah cenderung makin mahal. Untuk mengetahui potensi buah merah lebih lanjut serta menjaga agar produksi buah merah berkelanjutan dan memberikan manfaat terutama bagi masyarakat Papua maka perlu diupayakan langkah-langkah untuk investarisasi dan konservasi.;Sinar Tani;2005;;;;;;http://www.litbang.pertanian.go.id/artikel/one/96
Budidaya dan Prospek Pemasaran Mangga Gedong Gincu;;Kabupaten Majalengka merupakan salah satu dari tiga sentra produksi mangga di Propinsi Jawa Barat. Tahun 2004 luas tanaman mangga mencapai 12,6 ribu hektar dengan produksi 63,8 ribu ton mangga segar, jenis Arumanis, Gedong, Dermayu dan Golek. Kendala yang muncul mutu hasil masih beragam, tampilan fisik belum menarik, keragaman varietas, dan yang paling utama terjadinya fluktuasi harga yang tinggi saat antara musim panen dan musim paceklik. Diversifikasi bentuk pemasaran mangga gedong biasa dan gedong gincu dilaksanakan untuk membuka pangsa pasar baru, menahan jatuhnya harga jual saat panen raya, dan meningkatkan pendapatan petani petani mengingat harga jual gedong gincu lebih tinggi sekitar 30 - 50% dari gedong biasa. Dengan aroma yang sangat tajam, warna buah merah menyala, dan mengandung banyak serat, karakteristik ini sangat sesuai dengan permintaan negara importir sebesar 1 %, sedangkan 99% pasr lokal.;Sinar Tani;2005;;;;;;http://www.litbang.pertanian.go.id/artikel/one/98
Potensi Zakat Hasil Bumi;;Keberhasilan pengumpulan dan pembagian zakat di Indonesia tidak terlepas dari peran lembaga zakat yang ada. Dedikasi, kejujuran, kreativitas dan transparansi kinerja personil yang duduk dikelembagaan zakat sangat diperlukan agar masyarakat/petani yang berkewajiban membayar zakat tidak ragu-ragu untuk menyetor zakat hasil bumi dan ternak kepada lembagatersebut, maka administrasi yang rapi dan pelaporan yang berupa terbitan berkala tentang perkembangan zakat perlu dibagikan kepada masyarakat pembayar zakat agar terbangun ”image” yang kondusif di kalangan pemberi zakat. Sekedar ilustrasi dari lahan sawah irigasi dan hanya komoditas padi yang diperhitungkan, serta yang dikenakan wajib pajak sekitar 15% dari areal yang ada, zakat yang diperoleh sebesar Rp. 2.083 triliun. Dana sebesar itu dapat membantu  fakir miskin sebanyak 1.735.847 orang @ Rp. 100.000,- selama satu tahun. Pemberian zakat secara inovatif (sekian persen dari dana zakat yang ada) perlu dilaksanakan untuk bantuan modal kerja, pelatihan dan peralatan kerja bagi penerima zakat yang memiliki keterampilan.;Sinar Tani;2005;;;;;;http://www.litbang.pertanian.go.id/artikel/one/99
Teknologi untuk Meyulap Lahan Alang-alang;;Puslitbangtanak, Badan Litbang Pertanian, telah menghasilkan beberapa teknologi untuk rehabilitasi lahan alang-alang sehingga menjadi lahan produktif untuk pengembangan berbagai komoditas pertanian.;Sinar Tani;2005;;;;;;http://www.litbang.pertanian.go.id/artikel/one/101
Grubi dari Sukun Muda;;;Sinar Tani;2005;;;;;;http://www.litbang.pertanian.go.id/artikel/one/103
Jarak Pagar untuk Tanaman Hias;Ir. Soenardi, M.S.;;Sinar Tani;2005;;;;;;http://www.litbang.pertanian.go.id/artikel/one/104
Persoalan Memajukan Pertanian Lahan Rawa;;;Sinar Tani;2005;;;;;;http://www.litbang.pertanian.go.id/artikel/one/105
Periodisasi  Musim Tanam Padi Sebagai Landasan Manajemen Produksi Beras Nasional;;Data periode tanam, luas tanam setiap kabupaten dan perkiraan panen bulanan, maka pejabat Deptan menjadi tahu secara relatif akurat, berapa persediaan hasil panen nasional bulan lalu, bulan ini, bulan depan dan dua tiga bulan yang akan datang. Dengan tersedianya informasi tersebut tidak lagi akan ada perbedaan data tentang berapa stok beras nasional, dimana dan kapan akan ada panen lagi.;Sinar Tani;2006;;;;;;http://www.litbang.pertanian.go.id/artikel/one/106
Berburu Energi di Kebun Sawit;Dr. Ir. Didiek Hadjar Goenadi, M.Sc.;Kepanikan akibat kenaikan BBM di masyarakat tentu bukan sebuah hiburan sinetron yang pantas kita saksikan. Dilema yang dihadapi pemerintah tentunya bisa dipahami jika ukuran-ukuran solusi terhadap dampak bergandanya dapat diformulasikan secara jelas dan akurat.Tersedianya bahan baku yang melimpah ruah (minyak sawit) hasil karya tumpah keringat para peneliti anak bangsa, dan kebutuhan mendesak masyarakat terhadap kecukupan energi yang berkelanjutan tentunya menjadi pertimbangan yang cukup bagi pemerintah dalam memutuskan kemana bangsa ini akan menggantungkan kebutuhan energinya di masa yang akan datang.;Sinar Tani;2006;;;;;;http://www.litbang.pertanian.go.id/artikel/one/107
Kompor Sekam Segar;;Kompor sekam tersebut pernah disosialisasikan kepada para petani di daerah pengrajin makanan tradisional (Opak) di Desa Cibuaya Kabupaten Karawang dan bahkan telah dikirimkan satu unit ke IRRI  Los Banos. Namun pada saat itu kurang mendapat respon karena pada waktu tersebut harga minyak tanah masih sangat terjangkau. Instalasi Laboratorium Pascapanen Karawang mengembangkan lebih lanjut desain kompor sekam tersebut seperti terlihat pada Gambar 1. Hasil pengujian penampilan kompor sekam tersebut (Tabel 1) menunjukkan adanya kemampuan untuk memanaskan air, memasak, menanak air dsb. dengan nyala api biru sedikit merah dan tidak sampai/kurang berasap.;Sinar Tani;2006;;;;;;http://www.litbang.pertanian.go.id/artikel/one/108
Pentingnya Setiap Propinsi Berswasembada Beras;;Swasembada beras secara berkelanjutan akan lebih mudah dicapai, kalau masing-masing Pemerintah Propinsi memprogramkan untuk berswasembada bagi wilayahnya masing-masing, kecuali Propinsi Daerah Khusus Ibukota Jakarta tentunya. Pada saat sekarang yang terjadi justru suatu ironi, yakni beberapa propinsi di luar Jawa yang wilayahnya luas dan jumlah penduduknya jarang, justru masih defisit dalam penyediaan pangan beras.;Sinar Tani;2006;;;;;;http://www.litbang.pertanian.go.id/artikel/one/109
Adakah Peluang Untuk Ekspor Beras Bagi Indonesia;;Penolakan keras terhadap impor beras yang disampaikan oleh beberapa kalangan, termasuk : petani, Gubernur, DPR, HKTI dan pengamat perberasan sejak penghujung tahun 2005 lalu menunjukkan adanya empati kepada petani dan merupakan hal yang amat positif dalam upaya melindungi kekuatan nilai tukar ekonomi petani padi.;Sinar Tani;2006;;;;;;http://www.litbang.pertanian.go.id/artikel/one/113
Dahlia Bunganya Indah, Umbinya Mengandung Inulin;;Kalau kita mendengar kata dahlia, yang terlintas dalam pikiran kita ialah bunga indah dengan warna-warni yang sangat beragam, dari warna putih, merah, ungu, kuning, jingga, sampai kombinasinya. Namun, umbi dahlia tidak pernah dimanfaatkan, kecuali sebagai bibit.;Kompas;2006;;;;;;http://www.litbang.pertanian.go.id/artikel/one/115
Cara Jitu Mengendalikan Penyakit Busuk Pangkal Batang Pada Tanaman Wijen;;Salah satu kendala dalam pengusaha wijen adalah gangguan penyakit. Hasil inventarisasi di daerah pengembangan tanaman wijen ditemukan adanya penyakit dengan gejala keriting daun  becak batang, daun dan buah,  busuk akar, batang dan buah,  penyakit layu dan phylody. Kerugian yang ditimbulkan akibat gangguan berbagai patogen dapat menurunkan produksi 50%. Penyakit potensial yang sering merugikan ditemukan antara lain penyakit dengan gejala busuk pangkal batang, patogen penyebabnya adalah Phytophthora sp.;Sinar Tani;2006;;;;;;http://www.litbang.pertanian.go.id/artikel/one/118
Mengapa Hibrida Padi Tidak Sesukses Hibrida Jagung?;;Pada waktu hibrida jagung diperkenalkan di Indonesia awal tahun 1984, mula-mula petani agak skeptis mendengar harga benihnya yang lima kali lipat harga benih jagung varietas Arjuna. Namun setelah mereka melihat hasil panennya mencapai 50% hingga 75% di atas hasil varietas Arjuna, petani mulai tertarik untuk membeli benih jagung hibrida dan mencoba menanamnya.;Sinar Tani;2006;;;;;;http://www.litbang.pertanian.go.id/artikel/one/120
Mengatasi Berak Darah Dengan Patikan Kebo;;Ayam yang terserang berak darah (koksidiosis) menunjukkan gejala anemia. Akibat parasit ini selaput lendir (mukosa) usus ayam bisa rusak dan dapat menimbulkan pendarahan. Penyakit ini bisa diobati dengan patikan kebo (Euphorbia hirta L).;Sinar Tani;2006;;;;;;http://www.litbang.pertanian.go.id/artikel/one/122
Mikroorganisme Pendorong Hasil Padi yang Tinggi;;Inokulasi mikroorganisme dapat dijadikan alternatif dalam mengatasi kelangkaan pupuk anorganik yang disebabkan mahalnya harga dan distribusi yang tidak merata.Ada anggapan yang salah dalam menilai produktivitas padi lokal yang ditanam di lahan pasang surut di Kalimantan Selatan. Biasanya padi tersebut dianggap memiliki produktivitas hasil yang rendah. Kenyataannya di Lapangan tidak seperti itu. Hasil survei pada tahun 1999-2002, di lahan pasang surut tanah sulfat masam diperoleh hasil yang tinggi meski tanpa penggunaan pupuk. Produktivitas padi lokal untuk varietas Siam Ubi mencapai 5,34 ton/ha, Siam Puntal 4,12 ton/ha dan Siam Unus 3,09 ton/ha.;Sinar Tani;2006;;;;;;http://www.litbang.pertanian.go.id/artikel/one/123
Meraih Untung Dengan Usahatani Pisang Raja Nangka;;Pisang raja nangka adalah jenis pisang olahan yang sering diremehkan petani, sehingga jarang petani yang sengaja menanamnya. Namun saat ini pangsa pasar pisang tersebut di Propinsi Lampung cukup luas, baik untuk pasar lokal, maupun pasar domestik lainnya terutama Propinsi Banten, Jawa Barat dan DKI Jakarta. Pisang raja nangka terutama dijadikan bahan harga 1 tandan pisang ini bervariasi tergantung mutu. Harga tertinggi untuk 1 tandan di Lampung Selatan, sekitar Rp. 8.000,-.;Sinar Tani;2006;;;;;;http://www.litbang.pertanian.go.id/artikel/one/124
Varietas Unggul Baru Padi Yang Banyak Ditunggu Petani;;Sejak tahun 1960an Departemen Pertanian/Badan Litbang Pertanian telah merilis varietas padi sekitar 150an. Dari sekian banyak varietas yang dilepas hanya sebagian kecil saja yang berkembang luas. Keadaan demikian terkait dengan arus informasi yang lambat, atau memang petaninya belum yakin akan keunggulan varietas baru. Kita akui, petani tidak mudah mengganti suatu varietas ke varietas yang lain sebelum mereka yakin akan keunggulannya. Oleh karena itu perlu digiatkan penyuluhan, demonstrasi varietas, ataupun bentuk diseminasi/ promosi lain agar informasi varietas cepat sampai di lahan petani baik melalui media cetak maupun elektronik.;Sinar Tani;2006;;;;;;http://www.litbang.pertanian.go.id/artikel/one/125
Mesin Penyiang Gulma Padi Sawah Bermotor;;Penurunan produksi pangan khususnya padi akibat gulma masih tinggi yakni berkisar antara 6 - 87 persen. Data yang lebih rinci penurunan produksi padi secara nasional sebagai akibat gangguan gulma mencapai 15 - 42% untuk padi sawah dan padi gogo 47-87 %. Di Indonesia pemberantasan gulma masih banyak dilakukan dengan cara manual yaitu mencabut gulma dengan tangan. Selama masa pertumbuhan padi biasanya dilakukan 2 kali penyiangan yaitu penyiangan pertama pada waktu padi berumur 15 -17 hari dan penyiangan kedua pada waktu padi berumur 50 - 55 hari.;Sinar Tani;2006;;;;;;http://www.litbang.pertanian.go.id/artikel/one/126
Kegagalan Vaksinasi IB pada Ayam;;Kasus IB (Infectious Bronchitis) dapat muncul pada suatu peternakan ayam. Meskipun program vaksinasi IB telah dilakukan secara rutin dan teratur. Namun kadang - kadang hasil vaksinasi tidak mampu menangkal serangan virus IB di lapangan, Kenapa?;Sinar Tani;2006;;;;;;http://www.litbang.pertanian.go.id/artikel/one/128
Pabrik Kompos di Pabrik Sawit;Dr. Ir. Darnoko, M.Sc.;"Pusat Penelitian Kelapa Sawit (PPKS), telah mengembangkan teknologi pengomposan yang telah dipatenkan dengan menggunakan bahan baku limbah kelapa sawit tersebut (Patent No. S00200100211, Guritno et al., 2001). Teknologi ini memungkinkan tercapainya nir limbah (""zero waste"") pada pabrik kelapa sawit (PKS) yang berarti semua limbah di PKS akan terolah sehingga tidak ada lagi limbah yang dibuang ke lingkungan. Teknologi ini dapat diaplikasikan baik untuk PKS konvensional/besar maupun PKS Mini. Kompos yang dihasilkan dapat dimanfaat baik untuk tanaman kelapa sawit, tanaman pangan maupun tanaman hortikultura. Untuk memberi contoh bagi klien, sejak tahun 2002 PPKS membangun pabrik kompos dengan kapasitas 3 ton kompos per hari di kebun Percobaan Aek Pancur, Tanjung Morawa, Medan.";Sinar Tani;2006;;;;;;http://www.litbang.pertanian.go.id/artikel/one/129
Pabrik Kompos di Pabrik Sawit;Dr. Ir. Edy Sigit Sutarta, M.S.;"Pusat Penelitian Kelapa Sawit (PPKS), telah mengembangkan teknologi pengomposan yang telah dipatenkan dengan menggunakan bahan baku limbah kelapa sawit tersebut (Patent No. S00200100211, Guritno et al., 2001). Teknologi ini memungkinkan tercapainya nir limbah (""zero waste"") pada pabrik kelapa sawit (PKS) yang berarti semua limbah di PKS akan terolah sehingga tidak ada lagi limbah yang dibuang ke lingkungan. Teknologi ini dapat diaplikasikan baik untuk PKS konvensional/besar maupun PKS Mini. Kompos yang dihasilkan dapat dimanfaat baik untuk tanaman kelapa sawit, tanaman pangan maupun tanaman hortikultura. Untuk memberi contoh bagi klien, sejak tahun 2002 PPKS membangun pabrik kompos dengan kapasitas 3 ton kompos per hari di kebun Percobaan Aek Pancur, Tanjung Morawa, Medan.";Sinar Tani;2006;;;;;;http://www.litbang.pertanian.go.id/artikel/one/129
Trik Meningkatkan Pasar Teh Dalam Negeri;;Diantara komoditas yang saat ini masih rendah kebutuhan domestiknya adalah teh, dari produk yang dihasilkan 0,14 juta ton/tahun kebutuhan domestiknya hanya 0,04 juta ton/tahun. Jadi kurang lebih 0,136 juta ton dijadikan komoditas ekspor. Masyarakat awam Indonesia lebih mengenal kebun teh sebagai tempat rekreasi / agrowisata seperti Puncak, Ciater pada umumnya, karena nuansa pemandangan yang indah dan kesejukan alam pegunungan yang nyaman, karena teh tumbuh di dataran tinggi. Padahal dibalik itu teh mempunyai banyak khasiat, ini sudah diketahui ribuan tahun sebelum masehi.;Sinar Tani;2006;;;;;;http://www.litbang.pertanian.go.id/artikel/one/130
Dua Model Pembibitan Itik Petelur MA;;Terdapat 2 alternatif pendekatan dalam pengembangan model pembibitan itik, yaitu usaha pembibitan kelompok dan usaha pembibitan komersial. Usaha pembibitan kelompok, yaitu pembibitan rakyat yang tidak berdiri sendiri melainkan yang terkait dengan sistem produksi dalam satu kelompok peternak itik, agar hasilnya dapat langsung digunakan oleh para anggotanya dan beban biaya pembibitan dapat langsung digunakan oleh para anggotanya dan beban biaya pembibitan dapat ditangggung bersama sehingga tidak terlalu berat.;Sinar Tani;2006;;;;;;http://www.litbang.pertanian.go.id/artikel/one/131
HUTAN PASTURA;;Menguntungkan peternak dan melestarikan lahan Hutan Pastura merupakan teknologi pengelolaan lahan untuk meningkatkan produktivitas padang penggembalaan alami. Hutan Pastura terdiri dari pohon pakan, peningkatan kesuburan tanah, dan introduksi rumput dan legum pakan unggul.;Sinar Tani;2006;;;;;;http://www.litbang.pertanian.go.id/artikel/one/132
Teknik Mengairi Padi : Kalau macak-macak cukup, mengapa harus digenang?;;Hasil penelitian menunjukkan bahwa kebutuhan air untuk padi sawah sebanyak 0,74 - 1,2 l/det/ha, atau 6,39 - 10,37 mm/hari/ha. Kebutuhan air terbanyak pada saat penyiapan lahan sampai tanam dan memasuki fase bunting sampai pengisian bulir padi.Kebutuhan air untuk pengolahan tanah sampai siap tanam (30 hari) mengkonsumsi air 20% dari total kebutuhan air untuk padi sawah dan fase bunting sampai pengisian bulir (15 hari) mengonsumsi air sebanyak 35 %. Berdasar data tersebut sebetulnya sejak tanam sampai memasuki fase bunting tidak membutuhkan air banyak, demikian pula setelah pengisian bulir. Oleh karenanya 15 hari sebelum panen, padi tidak roboh dan ditinjau dari aspek pemberian air memang tidak perlu lagi.;Sinar Tani;2006;;;;;;http://www.litbang.pertanian.go.id/artikel/one/133
Teknik Mengairi Padi : Kalau macak-macak cukup, mengapa harus digenang?;Ir. Iwan Juliardi, M.S.;Hasil penelitian menunjukkan bahwa kebutuhan air untuk padi sawah sebanyak 0,74 - 1,2 l/det/ha, atau 6,39 - 10,37 mm/hari/ha. Kebutuhan air terbanyak pada saat penyiapan lahan sampai tanam dan memasuki fase bunting sampai pengisian bulir padi.Kebutuhan air untuk pengolahan tanah sampai siap tanam (30 hari) mengkonsumsi air 20% dari total kebutuhan air untuk padi sawah dan fase bunting sampai pengisian bulir (15 hari) mengonsumsi air sebanyak 35 %. Berdasar data tersebut sebetulnya sejak tanam sampai memasuki fase bunting tidak membutuhkan air banyak, demikian pula setelah pengisian bulir. Oleh karenanya 15 hari sebelum panen, padi tidak roboh dan ditinjau dari aspek pemberian air memang tidak perlu lagi.;Sinar Tani;2006;;;;;;http://www.litbang.pertanian.go.id/artikel/one/133
Pemanfaatan Agen Pengendali Hayati pada Cabai;;Pengelolaan tanaman cabai mempunyai resiko yang cukup tinggi karena serangan hama dan penyakit menyebabkan kegagalan panen dapat mencapai 100%. Penggunaan pestisida menjadi sangat berlebih antara 35% - 50% dari total biaya produksi dan dampak negatif yang terjadi adalah reistensi hama, reurgensi dan bahkan timbulnya hama sekunder.;Sinar Tani;2006;;;;;;http://www.litbang.pertanian.go.id/artikel/one/134
Pengganti Formalin, Asam Asetat;;Untuk menggantikan formalin dapat digunakan asam organik seperti asam asetat untuk mengawetkan bahan makanan. Bahan pengawet ini aman karena tidak meninggalkan residu dalam tubuh manusia.;Sinar Tani;2006;;;;;;http://www.litbang.pertanian.go.id/artikel/one/135
Manfaat Embung Kecil;;Embung kecil (Kedung-bhs Jawa) adalah bangunan (kolam) permanen dan penyimpan air hujan. Kedung biasanya dibuat pada areal pertanian lahan kering, sebagai upaya menampung aliran permukaan. Daya tampung kedung bervariasi tergantung kondisi kemiringan lahan namun jarang yang melebihi 100 m3, kecuali dibuat secara permanen. Dimensi panjang selalu menyilang arah lereng.;Sinar Tani;2006;;;;;;http://www.litbang.pertanian.go.id/artikel/one/137
Deorub K Pembeku Lateks dan Pencegah Timbulnya Bau Busuk Karet;Ir. H. M. Solichin, M.S.;Masalah utama yang terjadi yang terjadi dalam bokar (bahan olah karet) yang dihasilkan oleh petani karet untuk diolah menjadi karet remah jenis SIR 20 adalah mutu bokar yang rendah dan bau busuk yang menyengat sejak dari kebun.;Sinar Tani;2006;;;;;;http://www.litbang.pertanian.go.id/artikel/one/138
Prima Tani Membangun Agroindustri Pedesaan dengan Inovasi Teknologi dan Kelembagaan Agribisnis;Prof. (Riset). Dr. Ir. Abdurachman Adimihardja, M.Sc.;Masyarakat tani Indonesia, yang merupakan warga terhormat dari suatu negara agraris, sampai saat ini masih harus berjuang keras untuk memenuhi kebutuhan pangan, sandang, papan dan pendidikan. Sementara itu, upaya pembangunan pertanian pedesaan melalui penerapan teknologi maju, terkendala oleh permasalahan diseminasi dan adopsinya.;Sinar Tani;2006;;;;;;http://www.litbang.pertanian.go.id/artikel/one/139
Sistem Pemeliharaan Itik Petelur MA;;Di Indonesia tersedia beberapa jenis itik petelur yang diberi nama sesuai daerah utama pengembangnya, seperti misalnya itik Tegal, Alabio, Mojosari, Bali dan lain-lain.Masalah utama selama ini adalah belum tersedianya sistem pembibitan yang memadai untuk mendukung perkembangan peternakan itik petelur, yang ada hanyalah penetasan dari telur-telur tetas yang tidak diproduksi secara terarah untuk menghasilkan bibit yang berkualitas. Oleh karena itu, perkembangan peternakan itik yang cukup pesat akhir-akhir ini diharapkan juga akan mendorong tumbuhnya usaha-usaha pembibitan untuk meningkatkan kualitas bibit yang tersedia di pasar. Kualitas bibit yang digunakan sangat menentukan perkembangan usaha dan tingkat keuntungan dari usaha dan tingkat keuntungan dari usaha peternakan yang bersangkutan. Itik MA merupakan hasil penelitian di Balai Penelitian Ternak.;Sinar Tani;2006;;;;;;http://www.litbang.pertanian.go.id/artikel/one/140
Mengatasi Kekurangan Produksi Padi Melalui PHT;;Dengan asumsi tidak ada terobosan teknologi, produksi padi pada tahun 2020 diproyeksikan 57,4 juta ton. Jumlah penduduk Indonesia 262 juta jiwa dengan laju pertumbuhan penduduk 1, 27% per tahun.;Sinar Tani;2006;;;;;;http://www.litbang.pertanian.go.id/artikel/one/142
Strategi Budidaya Tanaman Pangan Prakiraan MH;;Untuk mengurangi kegagalan panen pada MH 2006/2007 perlu disusun strategi budidaya khususnya tanaman pangan. Strategi ini didasarkan pada hasil prakiraan awal MH 2006/2007 dan sifat-sifat hujannya serta curah hujan beberapa bulan ke depan.;Sinar Tani;2006;;;;;;http://www.litbang.pertanian.go.id/artikel/one/143
Padi Tahan Rendaman Solusi Gagal Panen Saat Kebanjiran;;Tanaman padi kebanjiran tak lagi masalah. Kegagalan panen karena tanaman mati atau puso dapat diatasi dengan menanam padi yang tahan rendaman. Balai Penelitian Pertanian Lahan Rawa (Balittra) telah mengidentifikasi beberapa galur padi yang tahan terendam sampai 18 hari. Potensi hasilnya pun tak kalah bersaing dengan padi yang biasa ditanam pada umumnya.;Sinar Tani;2006;;;;;;http://www.litbang.pertanian.go.id/artikel/one/144
Mencermati Kondisi Curah Hujan untuk Mendukung BudidayaTanaman Pangan di Sentra Produksi;;Kegagalan panen tanaman pangan sering terjadi karena penetapan dimulainya awal musim tanam pada musim hujan (MH) tidak cermat. Kegagalan panen peluangnya makin besar terjadi pada MK-1 dimana ketersediaan air tidak lagi mencukupi untuk produksi tanaman pangan, karena tidak ada lagi curah hujan.;Sinar Tani;2006;;;;;;http://www.litbang.pertanian.go.id/artikel/one/145
Multifungsi Lahan dan Revitalisasi Pertanian;;Pengetahuan dan pemahaman masyarakat di Jepang terhadap multifungsi pertanian sudah sedemikian rupa sehingga pertanian dinilai bukan dari hasil budi dayanya saja, tetapi juga dari manfaat lingkungannya yang dirasakan oleh masyarakat luas.;Sinar Tani;2006;;;;;;http://www.litbang.pertanian.go.id/artikel/one/146
Berjuta Manfaat Lidah Buaya;;Tanaman Lidah Buaya dikenal sebagai bahan obat tradisional dan kosmetika termasuk dalam bidang farmasi. Khasiat yang tersimpan dari lidah buaya untuk pembersih darah, penurun panas, obat wasir, batuk rejan dan mempercepat penyembuhan luka. Sejumlah nutrisi yang bermanfaat terkandung di dalam lidah buaya, berupa bahan organik dan anorganik, di antaranya vitamin, mineral, beberapa asam amino, serta enzim yang diperlukan tubuh.;Sinar Tani;2006;;;;;;http://www.litbang.pertanian.go.id/artikel/one/147
Berjuta Manfaat Lidah Buaya;;Tanaman Lidah Buaya dikenal sebagai bahan obat tradisional dan kosmetika termasuk dalam bidang farmasi. Khasiat yang tersimpan dari lidah buaya untuk pembersih darah, penurun panas, obat wasir, batuk rejan dan mempercepat penyembuhan luka. Sejumlah nutrisi yang bermanfaat terkandung di dalam lidah buaya, berupa bahan organik dan anorganik, di antaranya vitamin, mineral, beberapa asam amino, serta enzim yang diperlukan tubuh.;Sinar Tani;2006;;;;;;http://www.litbang.pertanian.go.id/artikel/one/147
Mengoptimalkan Pendayagunaan Potensi Desa;Prof. (Riset). Dr. Ir. Abdurachman Adimihardja, M.Sc.;Sebagai suatu negara agraris yang besar, Indonesia memiliki lebih dari 70.000 ribu desa, yang semuanya memiliki tinggi dan berpeluang untuk dikembangkan menjadi wilayah pertanian produktif. Potensi yang utama adalah sumberdaya lahan, air, iklim, manusia, dan sosial budaya.;Sinar Tani;2006;;;;;;http://www.litbang.pertanian.go.id/artikel/one/148
Pengembangan Eks-PLG Teknologi Olah Tanah Konservasi;;Lahan eks-PLG yang dicanangkan Presiden untuk dimanfaatkan kembali, sebenarnya memiliki banyak kendala (constraints) apabila akan dimanfaatkan untuk pengembangan tanaman.,;Sinar Tani;2006;;;;;;http://www.litbang.pertanian.go.id/artikel/one/150
Pertanian dan Pergeseran Iklim;Dr. Ir. Didiek Hadjar Goenadi, M.Sc.;Melalui Departemen Pertanian, pemerintah mencanangkan produksi beras tahun 2007 meningkat dua juta ton atau sekitar 6,0 persen.;Kompas;2007;;;;;;http://www.litbang.pertanian.go.id/artikel/one/155
Beras dan Jebakan Kepentingan Jangka Pendek;;Bertahannya harga beras medium di atas Rp 5.000 per kilogram dalam kurun waktu tiga bulan terakhir (Desember 2006-Februari 2007), telah merepotkan banyak pihak. Beberapa langkah darurat telah diputuskan, termasuk diizinkannya impor beras satu bulan menjelang panen raya, walaupun ini bertentangan dengan Surat Keputusan (SK) Menteri Perindustrian dan Perdagangan No.9/MPP/Kep/2004 tentang Ketentuan Impor Beras.;Republika;2007;;;;;;http://www.litbang.pertanian.go.id/artikel/one/157
Bertani Kedelai di Amerika Serikat;;Selama empat tahun tugas belajar di Amerika Serikat (USA) dari tahun 1977 s/d 1981, saya secar praktis ikut bertani kedelai selama empat musim. Di bawah ini uraian sekilas tentang usahatani kedelai atau “soy-bean farming” di USA, dengan kasus Negara bagian Iowa, seperti yang saya lihat dan alami.;Sinar Tani;2007;;;;;;http://www.litbang.pertanian.go.id/artikel/one/158
Lili Tropis Dalam Negeri Lebih Unggul Dibanding Impor;;Ketika pasokan langka, harga bunga lili Lilium spp. (Family Liliaceae) melonjak menjadi Rp. 100.000,- per tangkai jauh lebih tinggi dibandingkan harga normal di pasaran sebesar Rp. 25.000,- per tangkai. Bagi sebagian masyarakat pebisnis, fenomena tersebut dinilai menjadi peluang bisnis yang menguntungkan.;Sinar Tani;2007;;;;;;http://www.litbang.pertanian.go.id/artikel/one/159
Lili Tropis Dalam Negeri Lebih Unggul Dibanding Impor;;Ketika pasokan langka, harga bunga lili Lilium spp. (Family Liliaceae) melonjak menjadi Rp. 100.000,- per tangkai jauh lebih tinggi dibandingkan harga normal di pasaran sebesar Rp. 25.000,- per tangkai. Bagi sebagian masyarakat pebisnis, fenomena tersebut dinilai menjadi peluang bisnis yang menguntungkan.;Sinar Tani;2007;;;;;;http://www.litbang.pertanian.go.id/artikel/one/159
Menambah untung Cabai Merah;;Cabai merah dapat memberikan keuntungan dua sampai tiga kali lipat dibandingkan dengan komoditas lainnya. Keuntungan bisa dinaikkan lagi bila budidayanya dilakukan dengan pendekatan Pengelolaan Tanaman Terpadu (PTT).;Sinar Tani;2007;;;;;;http://www.litbang.pertanian.go.id/artikel/one/161
Tanaman Aromatik Pengendali Hama Lalat Buah;;Lalat buah merupakan hama yang sangat merugikan di bidang hortikultura, karena sering membuat produk hortikultura seperti mangga, cabai, jambu biji, belimbing, nangka, jeruk dan buah-buahan lainnya menjadi busuk dan berbelatung. Hama ini juga dapat menjadi penghambat perdagangan (Trade barrier) antar Negara, karena apabila pada komoditas ekspor suatu produk terdapat telur lalat buah, maka produk tersebut akan ditolak. Hal ini pernah terjadi terhadap Indonesia pada komoditas paprika yang akan diekspor ke Taiwan.;Sinar Tani;2007;;;;;;http://www.litbang.pertanian.go.id/artikel/one/164
Kacang Hijau Alternatif yang Menguntungkan Ditanam di Lahan Kering;;Pengembangan kacang hijau pada lahan kering harus disesuaikan dengan pola tanam setempat. Karakteristik kacang hijau pada lahan kering akan ditanam pada musim kemarau sesudah komoditas utama, yaitu padi gogo atau jagung. Kacang hijau ditanam sebagai tanaman ketiga untuk lahan kering beriklim basah dengan pola padi gogo-jagung-kacang hijau, padi gogo-kedelai-kacang hijau, atau jagung-kedelai-kacang hijau. Pada lahan kering beriklim kering ditanam dengan pola: jagung-kacang hijau, dan/atau kacang tanah-kacang hijau.;Sinar Tani;2007;;;;;;http://www.litbang.pertanian.go.id/artikel/one/166
Kiprah BPTP Yogyakarta;;Peran penting BPTP Yogyakarta dalam pembangunan pertanian di Propinsi D.I Yogyakarta diwujudkan dalam bentuk pengkajian dan pendampingan teknologi pada kelompok tani, antara lain budidaya tanaman bunga potong Krisan dan usahatani di lahan pasir.;Sinar Tani;2007;;;;;;http://www.litbang.pertanian.go.id/artikel/one/167
Prima Tani Jabar Membangun di Desa Sepi;;Sebelum 2005, di Desa Jatiwangi (Kecamatan Pakenjeng, Kabupaten Garut, Jawa Barat) terasa sepi dan tak bergairah. Lahan-lahan bekas tanaman karet terlantar hanya ditumbuhi alang-alang yang sama sekali tidak mempunyai nilai ekonomi. Bahkan menurut Koran yang sangat berpengaruh dan terbesar di Jawa Barat (terbitan 27 Januari 2007) mengabarkan bahwa masyarakat di kecamatan itu rawan daya beli. Sungguh memprihatinkan.;Sinar Tani;2007;;;;;;http://www.litbang.pertanian.go.id/artikel/one/169
4 Jenis Olahan Manggis, Si Ratu Buah Dunia dari Sumbar;;Masyarakat propinsi Sumatra Barat boleh berbangga, karena ditumbuhi pohon manggis yang begitu banyak, tanpa merawat Tuhan telah mengkaruniannya. Banyak negara lain mengimpikan agar ditumbuhi pohon manggis seperti daerah kita, kenapa? Pertanyaan ini seharusnya dijawab sudah sejak lama karena berbagai keunggulan yang dipunyai oleh buah yang berkulit merah marun yang cantik ini.;Sinar Tani;2007;;;;;;http://www.litbang.pertanian.go.id/artikel/one/172
4 Jenis Olahan Manggis, Si Ratu Buah Dunia dari Sumbar;;Masyarakat propinsi Sumatra Barat boleh berbangga, karena ditumbuhi pohon manggis yang begitu banyak, tanpa merawat Tuhan telah mengkaruniannya. Banyak negara lain mengimpikan agar ditumbuhi pohon manggis seperti daerah kita, kenapa? Pertanyaan ini seharusnya dijawab sudah sejak lama karena berbagai keunggulan yang dipunyai oleh buah yang berkulit merah marun yang cantik ini.;Sinar Tani;2007;;;;;;http://www.litbang.pertanian.go.id/artikel/one/172
Vanilin dari Limbah Daun Cengkeh;;Salah satu cara untuk meningkatkan nilai tambah minyak daun cengkeh yaitu dengan memproduksi senyawa isolate dari minyak daun cengkeh yaitu eugenol atau senyawa turunannya antara lain iso-eugenol dan vanillin.;Sinar Tani;2007;;;;;;http://www.litbang.pertanian.go.id/artikel/one/173
Keterkaitan Peneliti dan Penyuluh Pertanian di Australia;;Pada Medio Juni 2007 saya berkesempatan mengikuti training di Australia Selatan, bersama-sama beberapa pejabat lingkup Badan Litbang Pertanian yaitu Dr. Muhrizal Syarwani, Dr. Widi Hardjono, Ir. Sudi Mardiyanto MS, Kepala BPTP Sumut, Jateng, Sulteng, Sultra, Sulsel, NTB, NTT, Kadisbun Sulsel, 4 orang Peneliti dan Penyuluh serta 3 orang staf SADI-SMAR.Serangkaian training itu, kami telah mengunjungi beberapa objek pertanian Australia di antaranya Research Institute Rutherglen, Graham Research Industri serta Industri Pertanian/Hortikultura.;Sinar Tani;2007;;;;;;http://www.litbang.pertanian.go.id/artikel/one/174
Harapan Mencapai Swasembada Beras Dari Penanaman Padi Hibrida;;Harapan untuk mencapai swasembada beras kini diperkuat oleh tersedianya padi verietas hibrida yang mulai diperkenalkan ke petani sejak dua tahun terakhir.Dengan menanam padi hibrida diharapkan peningkatan produksi beras nasional tidak memerlukan investasi untuk peluasan lahan sawah yang biayanya mahal dan sering menimbulkan konflik sosial maupun lingkungan. Pemerintah telah memfasilitasi pengembangan areal penanaman hibrida dengan pelepasan beberapa varietas hibrida baru, bantuan benih hibrida untuk petani, dan ijin impor benih padi hibrida dari luar negeri. Pengusaha benih padi juga telah mulai bergerak untuk menyediakan benih hibrida yang dijual dengan harga antara Rp 35.000/kg hingga Rp 50.000/kg.;Sinar Tani;2007;;;;;;http://www.litbang.pertanian.go.id/artikel/one/176
Pemanfaatan Cendawan Mikroza Arbuskula Untuk Memacu Pertumbuhan Bibit Manggis;;Program pengembangan tanaman manggis dalam skala luas sampai sekarang masih terkendala oleh berbagai masalah budidaya di antaranya adalah sangat lambatnya laju tumbuh tanaman baik pada fase bibit maupun setelah ditanam di lapang. Semaian manggis yang berumur 2 tahun banyak yang tidak mencapai tinggi lebih dari 15 cm. Lambatnya laju pertumbuhan tanaman manggis ini akibat dari kurang baiknya sistim perakaran yang dimiliki. Manggis memiliki akar-akar lateral yang relatif sedikit dan miskin akan bulu-bulu akar, sehingga kemampuannya menyerap hara dan air dari dalam tanah sangat terbatas. Untuk mengatasi masalah ini, perlu dilakukan upaya mempercepat pertumbuhannya dengan meningkatkan kemampuan akar manggis dalam penyerapan hara dan air yang sangat dibutuhkan bagi pertambahan tanaman.;Sinar Tani;2007;;;;;;http://www.litbang.pertanian.go.id/artikel/one/177
Kenaf (Hibicus cannabinus)Sebagai Alternatif Bahan Baku Pulp;;Tanaman kenaf sudah lama dimanfaatkan oleh negara maju untuk bahan baku berbagai industri. Salah satu industri yang sangat penting adalah pulp dan kertas. Awalnya pulp yang bermutu baik dihasilkan dari bahan baku kayu pinus dan akasia. Namun seiring dengan berjalannya waktu, pasokan kayu pinus dan akasia semakin menipis bahkan cenderung habis. Penghijauan kembali rasanya tidak akan mengejar kekurangan yang semakin besar. Lebih-lebih dengan semakin rusaknya hutan di negara-negara tropis semakin memperparah kekurangan bahan baku kayu hutan.;Sinar Tani;2007;;;;;;http://www.litbang.pertanian.go.id/artikel/one/180
Prospek Agribisnis Nilam Mendukung Pertumbuhan Ekonomi di Indonesia;Dr. Ir. M. Al-Jabri, MS;Perbedaan harga minyak nilam di tingkat petani dengan pedagang pengumpul / eksportir terlalu banyak yang sampai saat ini sulit dikendalikan perbaikannya.Sesungguhnya harga minyak nilam dunia relatif stabil dengan harga cukup menjanjikan, namun harganya ditekan serendah mungkin oleh oknum yang hanya mementingkan diri sendiri tanpa ada keinginan untuk membela petani dengan alasan kadar patchouly alcohol di bawah standar 30%). Masalah ini tidak bisa dibiarkan begitu saja, sebab petani tidak mau tanam nilam lagi sehubungan dengan harga terna basah/kering atau harga minyak nilamnya sangat murah. Oleh karena itu, pemerintah, investor, eksportir, dan Asosiasi Minyak Atsiri berkewajiban untuk membentuk sistem agribisnis nilam secara professional untuk mendukung pertumbuhan ekonomi di Indonesia.;Sinar Tani;2007;;;;;;http://www.litbang.pertanian.go.id/artikel/one/183
Success Story Program Peningkatan Pendapatan Petani Melalui Inovasi (P4MI);;Kecamatan Sambelia terletak pada ketinggian 0 - 500 m dpl. Topografi kecamatan datar dan di beberapa tempat bergelombang dan berbukit dengan kisaran untuk daerah yang tergolong datar 8-14% daerah bergelombang 11-13% dan berbukit 60%. Kecamatan ini termasuk ke dalam tipe iklim D3, dengan bulan basah 3 - 4 bulan dan bulan kering 8 - 9 bulan. Hujan mulai turun pada bulan Nopember-Desember dan berakhir umumnya pada bulan Maret-April. Intensitas hujan paling tinggi pada bulan Januari dan Pebruari. Untuk kondisi tanah termasuk kedalam jenis tanah  grumusol, regosol, dan aluvial dengan pH tanah rata-rata 6-8.;Sinar Tani;2007;;;;;;http://www.litbang.pertanian.go.id/artikel/one/187
Prima Tani Sumba Timur Mendukung Ketahanan Pangan Daerah;;Prima Tani (Program Rintisan Inovasi Teknologi Pertanian) di Desa Kambatatana, Kecamatan Pandawai, Sumba Timur telah membuat petani tersenyum, karena inovasi teknologi dan kelembagaan yang dilakukan Prima Tani mampu menghantarkan mereka memperkuat ketahanan pangan di wilayahnya.;Sinar Tani;2007;;;;;;http://www.litbang.pertanian.go.id/artikel/one/188
Lokakarya Penyebaran Informasi Teknologi Petani di BPTP Sultra;;Pada pertengahan Desember 2007 lalu, BPTP Sulawesi Tenggara menggelar lokakarya penyebaran informasi teknologi petani. Kegiatan ini dihadiri oleh berbagai kalangan mulai dari peneliti, pemerintah daerah, kontak tani hingga penyuluh pertanian.;Sinar Tani;2008;;;;;;http://www.litbang.pertanian.go.id/artikel/one/190
Pemda Sulawesi Tenggara Dukung Percepatan Transfer Teknologi BPTP;;Pemerintah Daerah Provinsi Sulawesi Tenggara (Sultra) mendukung penuh upaya percepatan transfer teknologi yang ada di Balai Pengkajian Teknologi Pertanian (BPTP) Sultra. Dengan cara ini, kemajuan pembangunan pertanian akan cepat dicapai.;Sinar Tani;2008;;;;;;http://www.litbang.pertanian.go.id/artikel/one/191
Pupuk Organik In Situ;Prof. (Riset). Dr. Ir. Abdurachman Adimihardja, M.Sc.;Pemerintah akan memberikan subsidi pupuk organik sekitar Rp 250 M pada tahun 2008. Bagaimana bila dana itu digunakan untuk mendirikan petani agar bisa membuat pupuk organik  in situ  dengan menggunakan potensi yang ada ?;Sinar Tani;2008;;;;;;http://www.litbang.pertanian.go.id/artikel/one/192
Probolinggo Kembangkan Anggur sebagai Usaha Agribisnis;;Probolinggo kembangkan program budidaya anggur yang spesifik perkotaan dan rencananya ditingkatkan menjadi usaha yang berbasis agribisnis di perkotaan. Program pengembangan hortikultura termasuk anggur tersebut sebagai penumbuhan sentra yang dilaksanakan melalui pendekatan sistem agribisnis dan memposisikan petani sebagai pelaku usaha atau wiraswasta, guna meningkatkan pendapatan dan kesejahteraan petani.;Sinar Tani;2008;;;;;;http://www.litbang.pertanian.go.id/artikel/one/194
Pembangunan Pertanian di Persimpangan Jalan;;Kekisruhan seputar kedelai dan daging sapi akhir-akhir ini menambah deret panjang persoalan yang melilit pembangunan pertanian Indonesia. Persoalan yang terkait dengan beras dan komoditas pangan lain sepertinya belum dapat tertangani dengan baik, dan sekarang ditambah lagi dengan persoalan kedelai dan daging sapi.;Sinar Tani;2008;;;;;;http://www.litbang.pertanian.go.id/artikel/one/200
Indonesia Menjadi Eksportir Beras?;Dr. Ir. Gatot Irianto, M.S.;Pernyataan sekaligus pertanyaan ini sangat menggelitik karena pemerintah melalui Badan Penelitian dan Pengembangan Pertanian akan meluncurkan Pekan Padi Nasional (PPN) III yang akan dibuka Presiden tanggal 24 Juli 2008. Melalui PPN III ditampilkan kemajuan terkini (state of the art) teknologi padi dan budidayanya mendukung peningkatan produksi padi nasional.;Republika;2008;;;;;;http://www.litbang.pertanian.go.id/artikel/one/212
Pekan Padi Nasional III BB PADI Tampilkan Inovasi Tek. Galur Harapan Padi Sawah Toleran Kekeringan;Dr. Ir. Bambang Sriyadi, M.S.;Kendala dominan budidaya padi pada lahan tadah hujan yang merupakan lumbung padi kedua setelah lahan irigasi, di antaranya ialah curah hujan yang tidak menentu. Karena itu tanaman padi musim kemarau mempunyai resiko kekeringan yang tinggi terutama pada fase generatif, dan dapat menyebabkan kegagalan panen.;Republika;2008;;;;;;http://www.litbang.pertanian.go.id/artikel/one/213
Pekan Padi Nasional III BB PADI Tampilkan Inovasi Tek. Galur Harapan Padi Sawah Toleran Kekeringan;;Kendala dominan budidaya padi pada lahan tadah hujan yang merupakan lumbung padi kedua setelah lahan irigasi, di antaranya ialah curah hujan yang tidak menentu. Karena itu tanaman padi musim kemarau mempunyai resiko kekeringan yang tinggi terutama pada fase generatif, dan dapat menyebabkan kegagalan panen.;Republika;2008;;;;;;http://www.litbang.pertanian.go.id/artikel/one/213
Diversifikasi : Solusi Pengembangan Jarak Pagar;;Jarak pagar menjadi komuditas primadona yang banyak diminati oleh berbagai kalangan baik swasta maupun masyarakat petani. Program pengembangan jarak pun dibuat, baik berupa kebun induk maupun kebun pengembangan yang berada di bawah koordinasi Dirjen Perkebunan dan Dinas Perkebunan Provinsi/ Kabupaten.;Sinar Tani;2008;;;;;;http://www.litbang.pertanian.go.id/artikel/one/218
Membangun Lembaga Keuangan Mikro Berbasis Komunitas Petani;;Percepatan adopsi inovasi memerlukan fasilitas permodalan usaha tani yang bisa diakses oleh petani dengan mudah. Hingga saat ini permodalan masih dianggap menjadi kendalanya.;Sinar Tani;2008;;;;;;http://www.litbang.pertanian.go.id/artikel/one/219
Keluar dari Perangkap Pangan?;Dr. Ir. Gatot Irianto, M.S.;Peningkatan kebutuhan pangan terjadi akibat pertambahan penduduk yang relatif tinggi (1,38 persen/tahun) dan peningkatan kesejahteraan masyarakat. Semua pihak perlu mewaspadai fenomena itu.;Kompas;2008;;;;;;http://www.litbang.pertanian.go.id/artikel/one/221
Kandang Unggas Untuk Mencegah Penularan Penyakit;;Masih banyak masyarakat yang belum mengetahui betapa pentingnya arti kandang bagi unggas, sehingga nampak unggas berkeliaran secara bebas dipekarangan rumah maupun kebun sendiri atau kebun orang lain. Apabila ada wabah penyakit maka dengan cepatnya akan menyebar dan menyebabkan tingginya tingkat kematian pada unggas. Bila kasus penyakitnya berupa flu burung maka lebih fatal lagi bagi ternak maupun pemiliknya.;Sinar Tani;2008;;;;;;http://www.litbang.pertanian.go.id/artikel/one/224
Kompor Minyak Jarak;;Untuk pengembangan penggunaan biji jarak pagar sebagai sumber energi secara sederhana tersebut dapat dikembangkan secara lebih luas, salah satunya adalah untuk bahan bakar kompor sederhana. Balittas telah merancang kompor sederhana dalam bentuk anglo dari bahan baku tanah. Anglo gerabah ini telah lama digunakan masyarakat untuk memasak nasi dengan bahan bakar arang kayu.;Sinar Tani;2008;;;;;;http://www.litbang.pertanian.go.id/artikel/one/225
Kompor Minyak Jarak;;Untuk pengembangan penggunaan biji jarak pagar sebagai sumber energi secara sederhana tersebut dapat dikembangkan secara lebih luas, salah satunya adalah untuk bahan bakar kompor sederhana. Balittas telah merancang kompor sederhana dalam bentuk anglo dari bahan baku tanah. Anglo gerabah ini telah lama digunakan masyarakat untuk memasak nasi dengan bahan bakar arang kayu.;Sinar Tani;2008;;;;;;http://www.litbang.pertanian.go.id/artikel/one/225
Budidaya Bunga Sedap Malam Roro Anteng;Ir. Donald Sihombing, M.P.;Bunga Sedap Malam (Polianthes tuberosa) lebih cocok dibudidayakan di tanah lempung (sawah) serta memiliki persediaan air irigasi. Tempat penanaman harus terbuka dan tidak dinaungi oleh pepohonan.Sedap malam merupakan tanaman introduksi dan telah ditanam sejak lama, sehingga dianggap sebagai varietas lokal. Kultivar lokal sedap malam berbunga semi ganda asal Pasuruan telah dilepas sebagai varietas unggul nasional dengan nama Roro Anteng oleh Balai Pengkajian Teknologi Pertanian Jawa Timur bekerjasama dengan Pemerintah Kabupaten Pasuruan. Sementara sedap malam berbunga ganda asal Cianjur telah dilepas oleh Balai Penelitian Tanaman Hias bekerjasama dengan Pemerintah Kabupaten Cianjur sebagai varietas unggul nasional dengan nama Dian Arum.;Sinar Tani;2008;;;;;;http://www.litbang.pertanian.go.id/artikel/one/226
Budidaya Bunga Sedap Malam Roro Anteng;Ir. Wahyu Handayati;Bunga Sedap Malam (Polianthes tuberosa) lebih cocok dibudidayakan di tanah lempung (sawah) serta memiliki persediaan air irigasi. Tempat penanaman harus terbuka dan tidak dinaungi oleh pepohonan.Sedap malam merupakan tanaman introduksi dan telah ditanam sejak lama, sehingga dianggap sebagai varietas lokal. Kultivar lokal sedap malam berbunga semi ganda asal Pasuruan telah dilepas sebagai varietas unggul nasional dengan nama Roro Anteng oleh Balai Pengkajian Teknologi Pertanian Jawa Timur bekerjasama dengan Pemerintah Kabupaten Pasuruan. Sementara sedap malam berbunga ganda asal Cianjur telah dilepas oleh Balai Penelitian Tanaman Hias bekerjasama dengan Pemerintah Kabupaten Cianjur sebagai varietas unggul nasional dengan nama Dian Arum.;Sinar Tani;2008;;;;;;http://www.litbang.pertanian.go.id/artikel/one/226
Menumbuhkan Penangkar Benih Padi Untuk Percepatan Adopsi Varietas Unggul Baru;;Para pemulia tanaman padi telah banyak menghasilkan beberapa varietas unggul, baik dalam bentuk varietas unggul baru, varietas unggul tipe baru maupun varietas padi hibrida. Tentu saja, keberhasilan dalam pemuliaan tersebut baru dirasakan manfaatnya apabila tersedia benih bermutu dalam jumlah yang cukup untuk ditanam oleh petani. Untuk itu dukungan sistem perbenihan yang tangguh dan berkelanjutan sangat diperlukan untuk menjamin diseminasi varietas secara cepat.;Sinar Tani;2009;;;;;;http://www.litbang.pertanian.go.id/artikel/one/228
Menumbuhkan Penangkar Benih Padi Untuk Percepatan Adopsi Varietas Unggul Baru;;Para pemulia tanaman padi telah banyak menghasilkan beberapa varietas unggul, baik dalam bentuk varietas unggul baru, varietas unggul tipe baru maupun varietas padi hibrida. Tentu saja, keberhasilan dalam pemuliaan tersebut baru dirasakan manfaatnya apabila tersedia benih bermutu dalam jumlah yang cukup untuk ditanam oleh petani. Untuk itu dukungan sistem perbenihan yang tangguh dan berkelanjutan sangat diperlukan untuk menjamin diseminasi varietas secara cepat.;Sinar Tani;2009;;;;;;http://www.litbang.pertanian.go.id/artikel/one/228
Teknologi Pengendalian Penyakit Bulai Tanaman Jagung;;Berdasarkan hasil Participatory Rural Appraisal (PRA) di Desa Sinar Tebudak, permasalahan yang dijumpai pada daerah yang berbasis jagung adalah adanya serangan penyakit bulai pada tanaman jagung yang disebabkan oleh cendawan (jamur) Peromusderospore maydis). Penyakit bulai di dua kecamatan yaitu Sanggau Ledo dan Tujuh Belas banyak menimbulkan gagal panen, sehingga banyak petani mengubah pola pikir untuk meninggalkan ladang jagungnya menjadi ladang karet, lada dan sayuran.;Sinar Tani;2009;;;;;;http://www.litbang.pertanian.go.id/artikel/one/229
Peningkatan Produksi Tanaman Pangan Dengan Pembenah Tanah Zeolit;Dr. Ir. M. Al-Jabri, MS;Meskipun pengembangan pembenah tanah zeolit sudah lama dipromosikan oleh swasta di bidang pertanian, tetapi penggunaannya belum banyak diketahui petani. Sehubungan dengan pengetahuan petani terhadap zeolit masih rendah, maka hal ini mengakibatkan pemasaran zeolit masih terhambat.;Sinar Tani;2009;;;;;;http://www.litbang.pertanian.go.id/artikel/one/230
Revolusi Hijau Lestari untuk Ketahanan Pangan ke Depan;;Revolusi Hijau Lestari menjadi salah satu isu penting dalam Hight Level Regional Policy Dialogue on The Food-Fuel Crisis and Climate Change: Reshaping the Development Agenda yang digelar oleh Economic and Social Commision for ASIA and the Pasific (ESCAP) dan Pemerintah Indonesia di Bali, akhir tahun kemarin.;Sinar Tani;2009;;;;;;http://www.litbang.pertanian.go.id/artikel/one/232
BPTP Sultra Gelar Teknologi Produksi Benih Kedelai IP 300;;Beberapa waktu yang lalu kedelai sempat mengguncangkan Indonesia karena keterbatasan produksi. Rendahnya produksi ini disinyalir akibat penerapan teknologi yang belum optimal. Dalam kaitan itu BPTP Sulawesi Tenggara melaksanakan gelar teknologi. Kegiatan ini dilaksanakan dengan menggelar inovasi teknologi berupa berbagai varietas unggul, teknologi budidaya untuk produksi benih dan teknologi penyimpanan benih.;Sinar Tani;2009;;;;;;http://www.litbang.pertanian.go.id/artikel/one/233
Teknik Akar Ganda Memperpanjang Masa Produktif Anggur ‘Prabu Bestari;;Nama aslinya adalahRed Prince,diintroduksi dari Australia pada tahun 1986. Anggur prabu bestari ini mempunyai beberapa keistimewaan, antara lain warna kulit buah merah, tandannya panjang dan butir buah besar serta mempunyai citarasa yang manis (kualitas sama dengan anggur impor).;Sinar Tani;2009;;;;;;http://www.litbang.pertanian.go.id/artikel/one/235
Integrasi Kelembagaan di Tingkat Petani: Optimalisasi Kinerja Pembangunan Pertanian;;Petani adalah warga Indonesia beserta keluarganya yang mengelola usaha di bidang pertanian, wanatani, minatani, agropasture, penangkaran satwa dan tumbuhan di dalam dan di sekitar hutan yang meliputi usaha hulu, usaha tani, agroindustri, pemasaran dan jasa penunjang (Peraturan Menteri Pertanian No: 273/Kpts/OT.160/4/2007). Agar petani memiliki wadah untuk belajar, mengajar, bekerjasama antar petani maupun kelompok lain serta mencapai usaha skala ekonomi diwajibkan membentuk kelompok tani. Kelompok tani adalah kumpulan petani/peternak/pekebun yang dibentuk atas dasar kesamaan kepentingan, kondisi lingkungan (sosial-ekonomi-sumberdaya) dan keakraban untuk meningkatkan dan mengembangkan usaha anggota.;Sinar Tani;2009;;;;;;http://www.litbang.pertanian.go.id/artikel/one/242
25 Daerah Sentra Manggis;;Potensi dan peluang pengembangan tanaman manggis di Indonesia sangat besar, baik ditinjau dari potensi lahan, keragaman jenis, maupun dari aspek petani dan teknologi. Terdapat sekitar 100 jenis tanaman manggis yang tumbuh di Indonesia dari sekitar 400 jenis yang dijumpai di dunia.;Sinar Tani;2009;;;;;;http://www.litbang.pertanian.go.id/artikel/one/243
Pelestarian Domba Garut Melalui Budaya Domba Tangkas (Domba Adu);;Domba Garut merupakan salah satu ternak yang dipelihara oleh sebagian masyarakat sebagai ternak aduan yang merupakan salah satu budaya turun-temurun yang tetap dilestarikan. Selain mempertahankan budaya itu sendiri, juga mempertahan domba garut sebagai domba aduan yang memiliki kualitas tersendiri. Dengan dipertahankannya suatu bangsa ternak, maka semua kualitas ternak dari yang jelek, sedang dan baik dapat dijumpai disuatu wilayah dimana ternak tersebut dilestarikan.;Sinar Tani;2009;;;;;;http://www.litbang.pertanian.go.id/artikel/one/245
Jelly Jambu Biji dan Jelly Durian Minuman Sehat Tanpa Pengawet;;Durian dan jambu biji merah merupakan komoditas yang banyak dijumpai di beberapa daerah di Sumatera Barat. Durian banyak dikembangkan pada hampir semua Kabupaten dan Kota di Sumatera Barat, mencakup luasan 1.668,75 hektar yang mampu memproduksi sekitar 36.801 ,90 ton. Sementara itu, produksi jambu biji merah sering dijumpai dalam jumlah yang cukup banyak di Kota Padang.;Sinar Tani;2009;;;;;;http://www.litbang.pertanian.go.id/artikel/one/247
Jelly Jambu Biji dan Jelly Durian Minuman Sehat Tanpa Pengawet;;Durian dan jambu biji merah merupakan komoditas yang banyak dijumpai di beberapa daerah di Sumatera Barat. Durian banyak dikembangkan pada hampir semua Kabupaten dan Kota di Sumatera Barat, mencakup luasan 1.668,75 hektar yang mampu memproduksi sekitar 36.801 ,90 ton. Sementara itu, produksi jambu biji merah sering dijumpai dalam jumlah yang cukup banyak di Kota Padang.;Sinar Tani;2009;;;;;;http://www.litbang.pertanian.go.id/artikel/one/247
Mie Sukun Ala BPTP Jatim;;Mie sukun dapat dibuat dari sukun kukus yang telah dihancurkan (pasta sukun) atau dari tepung sukun yang dicampur dengan terigu. Pada pembuatan mie diperlukan komponen gluten tinggi, yang terdapat pada terigu, sehingga pada pembuatan mie sukun dicampur dengan terigu. Fungsi terigu adalah membentuk struktur karena gluten bereaksi dengan karbohidrat. Bahan lain dalam pembuatan mie adalah air, garam, soda kue dan telur.;Sinar Tani;2009;;;;;;http://www.litbang.pertanian.go.id/artikel/one/248
Alat Pengering Padi Berbahan Bakar Sekam (BBS) Di Lahan Pasang Surut Sumatera Selatan;;Di lahan pasang surut Sumatera Selatan banyak dijumpai beras batik. Beras batik adalah beras yang mempunyai mutu serta harga jual rendah. Sebagai gambaran, beras mutu ini mempunyai butir patah yang tinggi, persentase beras kepala hanya sekitar 25%, sedangkan butir kuningnya sangat tinggi dapat mencapai lebih 50%, dengan harga jual hanya Rp.1800/kg.;Sinar Tani;2009;;;;;;http://www.litbang.pertanian.go.id/artikel/one/250
Harga Beras Melonjak ?;;Ketika harga beras naik sampai dengan awal tahun baru Januari 2010, pemerintah dan masyarakat masih bisa memaklumi karena ada dampak dari perayaan hari besar keagamaan dan tahun baru 2010. Kondisi ini masih dianggap sebagai fenomena biasa dan terjadi secara reguler.Kenaikan harga beras yang mencapai Rp 500 sampai dengan Rp 1.000 per kilogram saat ini yang dianggap lampu kuning, sebenarnya perlu disikapi secara arif dan bijaksana. Bisa saja fenomena naiknya harga beras ini di setiap daerah berbeda faktor determinannya. Misalnya, antara sentra produksi dan nonsentra produksi, daerah endemis banjir dan nonendemis banjir.;Republika;2010;;;;;;http://www.litbang.pertanian.go.id/artikel/one/251
Pepaya Balitbu Tropika Berbuah Manis di Lahan Rawa;;Pepaya Balitbu Tropika adalah salah satu buah kebanggaan Balitbu Tropika untuk dipersembahkan kepada penggemar buah di Nusantara. Indah dipandang mata, mudah dibawa, tidak akan tersisa bila dicoba dan manisnya tiada dua.;Sinar Tani;2008;;;;;;http://www.litbang.pertanian.go.id/artikel/one/209
Sistem Informasi Penyuluhan Pertanian di Jepang dan Indonesia;;Seorang Penyuluh Pertanian pembaca Tabloid Sinar Tani melalui Rubrik “SMS Cangkul”, mengusulkan perlunya Balai Penyuluhan Pertanian dilengkapi perangkat Teknologi Informasi sehingga mampu mengakses ke Internet.;Sinar Tani;2006;;;;;;http://www.litbang.pertanian.go.id/artikel/one/151
Kekuatan dan Kelemahan Beberapa Sistem Penyuluhan yang Ada di Jawa Timur;;Sejak era otonomi bergulir, di Jawa Timur paling tidak telah ada 3 (tiga) versi sistem penyuluhan di kabupaten/kota dengan variasinya yang masing-masing tentunya mempunyai kekuatan dan kelemahan.Dari hasil observasi lapangan selama ini, maka telah diketahui pula bahwa institusi di kabupaten/kota yang berwenang membuat program pembangunan (seperti peningkatan produksi pertanian, perkebunan, peternakan, perikanan dan kehutanan) adalah dinas kabupaten/kota, sedangkan KIPP/BIPP (Kantor Informasi Penyuluhan Pertanian/Balai Informasi Penyuluhan Pertanian) di kabupaten umumnya membawa program peningkatan SDM petani (seperti penguatan kelompok/kelembagaan petani, perbaikan metode penyuluhan dan pemberdayaan petani). Berikut ini akan diuraikan kekuatan dan kelemahan dari ketiga penyuluhan yang ada di Jawa Timur.;Sinar Tani;2006;;;;;;http://www.litbang.pertanian.go.id/artikel/one/119
Mandiri Teknologi Pertanian, Bisa!;;Kunjungan Presiden SBY ke Balai Besar Penelitian Padi, Badan Litbang Pertanian, tanggal 24 Juli 2008 lalu menunjukkan betapa penting peranan suatu lembaga penelitian. Bagaimana pun juga lembaga penelitian semacam inilah yang diharapkan mampu menghasilkan inovasi-inovasi baru yang menjadi tulang punggung di pembangunan Indonesia, khususnya dalam mendukung penyelesaian krisis yang berkaitan dengan pertanian yang terjadi belakangan ini.;Republika;2008;;;;;;http://www.litbang.pertanian.go.id/artikel/one/214
PANEN PETSAI Jangan Terlalu Muda, Jangan Pula Terlalu Tua;;Petsai (Brassica chinensis L.) tanaman semusim dan dua musim. Tanaman petsai batangnya pendek sekali, hingga hampir tidak kelihatan. Bentuk daun bulat panjang, berbulu halus sampai kasar, dan rapuh. Tulang daun utamanya lebar sekali dan berwarna putih serta banyak mengandung air. Petai sering juga disebut petsai cina.;Sinar Tani;2007;;;;;;http://www.litbang.pertanian.go.id/artikel/one/168
Musim Kemarau Datang, Sistem Irigasi Mikro di Lahan Kering Jadi Pilihan;;Kemarau datang, kegundahan petani lahan keing semakin meningkat. Terbatasnya persediaan air irigasi untuk usaha taninya selalu menjadi masalah. Lantas terobosan baru apa yang dapat menjawab kegundahan petani di lahan kering?;Sinar Tani;2006;;;;;;http://www.litbang.pertanian.go.id/artikel/one/136
Budidaya Pisang bagi PETANI MISKIN DI LAHAN MARGINAL;;Dari tahun 2003, kegiatan pisang yang dilakukan petani di Kecamatan Sambelia, masih terus berjalan dengan baik sampai sekarang walaupun produk olahan yang dihasilkan masih dalam skala kecil. Dari tiga macam olahan hasil yang dibuat yaitu kripik, dodol dan sale, hanya kripik pisang yang memiliki peluang pasar cukup baik. Dalam arti pemasarannya mudah dan cepat. Pemasaran untuk kripik pisang masih terbatas pada lokasi sekitar Sambelia.;Sinar Tani;2007;;;;;;http://www.litbang.pertanian.go.id/artikel/one/196
Mengenal Beras Hitam dari Bantul;;Pernahkah anda mendengar beras hitam?? Bagi orang-orang tertentu yang baru pertama kali mendengar, pastilah tertawa karena yang baru pertama kali  mendengar, pastilah tertawa karena di benaknya yang ada adalah ketan hitam bukan beras hitam. Namun bagi sebagian orang yang pada saat ini sudah cukup umur, pasti tahu adanya beras hitam. Memang benar, beras hitam pada jaman nenek moyang benar-benar ada. Sesungguhnya ada 3 jenis beras yang ada di dunia ini, yaitu beras putih, umum ditanam oleh petani kita. Kedua, ada beras merah atau brown rice yang saat ini umum dijual di pasaran dan sebagian sudah menjadi icon Gunungkidul yang dikenal dengan warung Sego Abang. Walaupun saat ini, tidak hanya di Gunungkidul saja melainkan di Sleman, Yogyakarta pun sudah ada warung nasi sego abang tersebut. Jenis ketiga adalah beras hitam, yang hanya tumbuh dan dibudidayakan di daerah tertentu saja.;Sinar Tani;2009;;;;;;http://www.litbang.pertanian.go.id/artikel/one/238
Magelang Bersiap Menjadi Sentra Ternak Kelinci;;Kampanye kelinci yang diselenggarakan Kantor Informasi Penyuluh Petanian dan Kehutanan (KIPPK) Kabupaten Magelang tahun lalu dalam rangka menyukseskan Hari Pangan Sedunia dengan mensosialisasikan pemanfaatan pekarangan untuk meningkatkan pendapatan keluarga tani dan meningkatkan gizi keluarga melalui beternak kelinci berhasil. Ternyata benar bahwa modal untuk beternak kelinci tidaklah besar, pemeliharaan mudah, tidak membutuhkan lahan yang luas bahkan pakan pun tidak terlalu sulit dan mahal, karena bisa memanfaatkan pakan hijauan dan limbah pertanian/pangan yang ada di sekitar lingkungan peternak. Selain cepat berkembang biak, harga jualnya pun bagus bahkan tidak sulit untuk menjualnya, sehingga benar bila ternak kelinci ini dikatakan cocok untuk ternak keluarga tani kecil.;Sinar Tani;2006;;;;;;http://www.litbang.pertanian.go.id/artikel/one/149
Manajemen Penelitian Untuk Mengantisipasi Pelanggaran Scientific Law;;Setiap peneliti seyogyanya mempertahankan prinsip bahwa “kebenaran relatif” ilmu pengetahuan dan teknologi (iptek) dicapai dalam kerangka nalar, dan tidak diperlukan institusi di luar nalar untuk melegitimasi kebenaran suatu buah pikiran”.;Sinar Tani;2010;;;;;;http://www.litbang.pertanian.go.id/artikel/one/252
Mengoperasionalkan Perundang-Undangan tentang Iptek Dalam Ketahanan Pangan;;Pembangunan Iptek di Indonesia sudah menjadi amanat yang tertuang dalam amandemen IV UUD 1945 pasal 31 ayat ke 5 yang menyatakan bahwa pemerintah wajib memajukan iptek dengan menjunjung tinggi nilai-nilai agama dan persatuan bangsa untuk mewujudkan peradaban serta kesejahteraan umat manusia.;Sinar Tani;2007;;;;;;http://www.litbang.pertanian.go.id/artikel/one/178
Varietas-varietas Baru Tanaman Padi;;Varietas unggul merupakan salah satu komponen paket teknologi budidaya padi yang secara nyata dapat meningkatkan produktivitas dan pendapatan petani. Pada tahun 2008 Balai Besar Penelitian Tanaman Padi telah melepas 6 varietas INPARI (INPARI 1-6), dan 3 Varietas INPARA (INPARA 1-3).;Sinar Tani;2009;;;;;;http://www.litbang.pertanian.go.id/artikel/one/241
Parade Gelar Teknologi Padi Sawah;;Kabupaten Cianjur, Jawa Barat mengadakan inovasi berupa Parade Gelar Teknologi Padi Sawah (PA-GETEK-PA).;Sinar Tani;2007;;;;;;http://www.litbang.pertanian.go.id/artikel/one/160
Kiat Membuat Durian Berbuah di Luar Musim;;Teknik penerapan memunculkan buah durian di luar musim perlu menggunakan beberapa bahan aktif zat pengatur tumbuhan (ZPT).Zat tersebut berperan aktif untuk mengubah alur pertumbuhan pada sel tanaman dengan cara menghambat pad a waktu fase pertumbuhan vegetatif agar dapat merubah secepatnya muncul fase generatif (cepat berbunga dan berbuah).;Sinar Tani;2009;;;;;;http://www.litbang.pertanian.go.id/artikel/one/239
Produksi Pertanian dan Ketidakpastian Iklim;;Tahun 2008 merupakan tahun sulit bagi dunia pertanian karena banyak daerah sentra produksi padi dilanda banjir bandang. Contohnya, banjir yang melanda Jawa Tengah dan Jawa Timur, yang tentunya merusak tanaman padi (puso).;Suara Pembaruan;2008;;;;;;http://www.litbang.pertanian.go.id/artikel/one/193
Harga Pangan, Inflasi, dan Swasembada;;Sudah hampir tiga tahun ini harga-harga kebutuhan pokok melonjak naik. Harga beras, minyak goreng misalnya sudah naik lebih dari 100 persen dibandingkan dengan tiga tahun yang lalu, harga gula, terigu naik hampir 75 persen. Tindakan pemerintah untuk menurunkan harga terlihat tidak serius. Di satu pihak untuk meningkatkan produksi pemerintah menerapkan strategi harga pangan tinggi untuk merangsang petani meningkatkan produksi.;Suara Pembaruan;2008;;;;;;http://www.litbang.pertanian.go.id/artikel/one/198
Ternak,Mengenal Radang Usus Nekrotik pada Ayam;;Radang usus nekrotik (Necrotic Enteritis/NE) disebabkan oleh Clostridium perfringens tipe A dan C. Manifestasi penyakit ini pada dinding usus berupa luka berdarah (lesi hemorrhangis)sampai kematian jaringan (nekrose) mukosa usus.;Sinar Tani;2007;;;;;;http://www.litbang.pertanian.go.id/artikel/one/163
Marka Jalan Menuju Ketahanan Pangan;;;Sinar Tani;2005;;;;;;http://www.litbang.pertanian.go.id/artikel/one/102
Introduksi Teknologi Tumpangsari Jagung dan Kacang Tanah;;Tumpangsari merupakan suatu usaha menanam beberapa jenis tanaman pada lahan dan waktu yang sama, yang diatur sedemikian rupa dalam barisan-barisan tanaman. Penanaman dengan cara ini bisa dilakukan pada dua atau lebih jenis tanaman yang relatif seumur, misalnya jagung dan kacang tanah atau bisa juga pada beberapa jenis tanaman yang umurnya berbeda-beda.;Sinar Tani;2009;;;;;;http://www.litbang.pertanian.go.id/artikel/one/234
Strategi dan Inovasi Antisipasi Perubahan Iklim (bagian 1);;Pemanasan global (global warming) telah mengubah kondisi iklim global, rengional, dan lokal. Perubahan iklim global disebabkan antara lain oleh peningkatan emisi Gas Rumah Kaca (GRK) akibat berbagai aktivitas yang mendorong peningkatan suhu bumi. Mengingat iklim adalah unsur utama dalam sistem metabolisme dan fisiologi tanaman, maka perubahan iklim global akan berdampak buruk terhadap keberlanjutan pembangunan pertanian.;Sinar Tani;2007;;;;;;http://www.litbang.pertanian.go.id/artikel/one/186
Waspadai Penyakit Baru;;Awas, rumpun tanaman padi anda terserang penyakit baru yang gejala serangannya mirip serangan tungro. Penyakit ini sudah mulai menyerang tanaman padi di Jawa Barat.;Sinar Tani;2008;;;;;;http://www.litbang.pertanian.go.id/artikel/one/211
Ubi Alabio Sumber Pangan Baru dari Lahan Rawa;;Ubi Alabio merupakan sumber karbohidrat potensial yang dapat dijadikan bahan pangan alternatif untuk mengurangi konsumsi beras terus meningkat. Di samping sebagai bahan pokok ubi alabio juga berpotensi dijadikan sebagai bahan industri kecil (rumah tangga) hingga industri besar.;Sinar Tani;2007;;;;;;http://www.litbang.pertanian.go.id/artikel/one/153
Potret Desa Lambadia Kab Kolaka Kelompok Prima Tani Terbaik Nasional Tahun 2006;;Desa Lambadia merupakan salah satu desa di Kecamatan Lambadia, Kabupaten Kolaka, Sulawesi Tenggara. Desa ini terletak sekitar 120 km dari kota Kendari yang ditempuh sekitar 3 jam dengan kendaraan roda 4. Komoditas utama yang diusahakan petani yaitu tanaman kakao dengan luas 1.970 ha dengan jumlah penduduk 991 jiwa. Di desa ini kelompok tani Prima Tani Nasional tahun 2006.;Sinar Tani;2007;;;;;;http://www.litbang.pertanian.go.id/artikel/one/182
Agar Pangan Di Rumah Aman;;Penyiapan makanan yang tepat di rumah merupakan kesempatan terakhir untuk melindungi keluarga. Bagaimana memberikan perhatian yang serius terhadap keamanan pangan di rumah tangga kita?;Sinar Tani;2008;;;;;;http://www.litbang.pertanian.go.id/artikel/one/189
Bahan Pembenah Tanah : Prospek dan Kendala Pemanfaatannya;;Bila bahan pembenah tanah akan dijadikan suatu kebijakan dalam usaha peningkatan produktivitas lahan pertanian di Indonesia, maka pemilihan bahan pembenah tetap diprioritaskan pada bahan-bahan yang murah, bersifat insitu, dan terbarukan, bahan organiksebenarnya dapat memenuhi persyaratan tersebut.;Sinar Tani;2007;;;;;;http://www.litbang.pertanian.go.id/artikel/one/165
Revitalisasi Perkebunan Sudahkah di Jalan yang Benar?;;Untuk mewujudkan program pembangunan, Pemerintahan SBY-JK memilih jalur pendekatan yang pro-growth, pro-poor, dan pro-job. Beranjak dari pendekatan ini maka sektor-sektor utama yang tersendat seperti pertanian, perikanan, dan kehutanan, dipandang perlu untuk direvitalisasi. Implementasinya di subsektor perkebunan kemudian berujung pada pilihan tiga komoditi yang dipandang memiliki daya ungkit nyata terhadap ketiga jalur pendekatan itu, yaitu kelapa sawit, karet, dan kakao.;Investor Daily;2007;;;;;;http://www.litbang.pertanian.go.id/artikel/one/152
Hati-hati Melakukan Underplanting di Sawit;;Pelaku perkebunan kelapa sawit di Indonesia bisa-bisa saja mengadopsi teknologi atau ide yang dikembangkan oleh negara jiran Malaysia. Namun harus hati-hati karena malah bisa memusingkan kita sendiri di kemudian hari. Salah satunya adalah Teknik UNDRPLANTING dari Malaysia. Underplanting adalah penanaman bibit baru di bawah pohon lama yang sengaja tidak ditebang pada saat replanting. Pohon lama dibiarkan hidup dan terus dipetik buahnya. Teknik underplanting berbeda dengan teknik replanting. Pada teknik replanting,  tanaman tua ditumbangkan seluruhnya terlebih dahulu baru ditanami dengan bibit sawit yang baru.;Sinar Tani;2007;;;;;;http://www.litbang.pertanian.go.id/artikel/one/181
Diversifikasi Produk Ubi Jalar Sebagai Bahan Pangan Substitusi Beras;;Mencermati fenomena di bidang pangan, maka budaya mengkonsumsi jenis makanan impor perlu diperbaiki melalui berbagai kampanye dan promosi. Jepang sebagai negara besar dan maju pun sudah mulai berfikir untuk merubah pola konsumsi pangannya, dengan tidak menggantungkan pangan impor (gandum dan daging) ke arah konsumsi pangan berbasis sumber daya lokal. Oleh sebab itu, Indonesia sebagai negara berkembang dengan penduduk yang banyak harus mulai melakukan diversifikasi pangan berbasis sumber daya lokal.;Sinar Tani;2008;;;;;;http://www.litbang.pertanian.go.id/artikel/one/215
Benarkah Peneliti Pertanian Hanya Sibuk Sendiri?;;Banyak hasil karya atau temuan peneliti yang telah dimanfaatkan oleh petani tanpa mereka tahu siapa penemunya. Namun tak sedikit kritik di masyarakat yang menyangsikan kerja peneliti. Tentunya hal tersebut sangat memprihatinkan seolah-olah hasil karya anak bangsa kurang diperhatikan. Sebagai contoh, banyak varietas unggul hasil penelitian seperti padi IR64 yang sangat populer. Di kancah luar negeri, peneliti Indonesia sangat disegani oleh berbagai kalangan seperti dari IRRI. Ada sekitar 12 galur harapan padi yang dilepas sebagai varietas unggul di tujuh negara tetangga.Pandangan yang kurang respek terhadap peneliti mungkin karena banyak masyarakat yang kurang memahami seluk beluk penelitian. Misalnya, hasil penelitian itu ada yang efektif, ada pula yang hanya agak efektif dalam mengatasi permasalahan. Di samping itu, untuk mengadopsi teknologi hasil penelitian, biasanya petani memerlukan tambahan biaya produksi. Peran penyuluhan pun sangat penting dalam adopsi teknologi. Jadi, benarkah anggapan bahwa peneliti hanya sibuk penelitian untuk mencari \'kum\' tanpa memperhatikan kebutuhan masyarakat penggunanya?;Sinar Tani;2005;;;;;;http://www.litbang.pertanian.go.id/artikel/one/100
Center Aims to Bring RI Herbs to Global Market;;Indonesia trails only Brazil and Zaire in terms of biodiversity, yet the country still relies on imports of raw materials from India and Thailand for its traditional herbal medicine industry. The head of Bogors Agromatic and Herbal Plant Research Center (Balittro), H.A.M. Syakir, said the governments lack of attention to the cultivation of herbal plants was to blame for the insufficient supply of raw materials for traditional medicine production.;The Jakarta Post;2007;;;;;;http://www.litbang.pertanian.go.id/artikel/one/184
Teknologi Produksi Ubikayu untuk Menjaga Kuantitas Pasokan Bahan Baku Industri Bioethanol;;Penggunaan bioethanol sebagai bahan bakar alternatif telah lama dilakukan diberbagai Negara seperti Brasil (E20, 1975), Kolumbia (E10, 2001), Amerika (E10,1978), Australia (E20, 1992), Thailand (E10,2002), sedangkan Indonesia sedang dalam proses mulai membangun industrinya.;Sinar Tani;2007;;;;;;http://www.litbang.pertanian.go.id/artikel/one/170
Mi Sagu Produksi Pesantren Siap menembus Pasar;;Beberapa tahun terakhir terdapat ancaman perubahan makanan pokok penduduk dari sagu dan ubi beralih ke beras. Fakta lain, telah terjadi peningkatan konsumsi terigu utamanya dalam bentuk mi instan. Fenomena tersebut menunjukkan bahwa pergeseran pola makan, yaitu pola makan bukan nasi menjadi nasi ditambah dengan mi instan dari terigu. Salah satu alasan peningkatan konsumsi mi instan adalah praktis dan mudah menyajikannya.;Sinar Tani;2009;;;;;;http://www.litbang.pertanian.go.id/artikel/one/244
Kalampangan Profil Desa Sukses Di Pertanian Gambut Kalteng;;Kalampangan terletak 18 km bagian utara kota palangka raya, provinsi Kalimantan Tengah. Kelurahan ini terdiri dari 3.066 jiwa menempati areal seluas kurang lebih lima ribu hektar, merupakan profil pedesaan yang berhasil di lahan gambut.;Sinar Tani;2008;;;;;;http://www.litbang.pertanian.go.id/artikel/one/216
"Strategi Melakukan Penyuluhan Pertanian untuk Petani ""kecil""";;Diperlukan strategi bagaimana melakukan penyuluhan? Perlu dipahami bahwa kegiatan penyuluhan tujuan akhirnya adalah menumbuhkan ketangguhan petani sebagai pelaku utama dalam pembangunan pertanian. Untuk itu harus kita pahami terlebih dahulu tentang siapa itu petani dan jalur apa yang harus digunakan untuk membina dan mengembangkan petani.;Sinar Tani;2008;;;;;;http://www.litbang.pertanian.go.id/artikel/one/202
Pertanian Pangan 2008 Akan Lebih Buruk;;Tahun 2008 dimulai dengan Bencana tanah longsor di Tawangmangu, banjir bandang di Ngawi, Kediri, Madiun, Bojonegoro, Lamongan dan Kudus. Rusaknya Daerah Aliran Sungai (DAS) Bengawan Solo, Brantas menjadi penyebab banjir di daerah hulu, dan hal ini membawa pengaruh langsung bagi produksi pertanian kita. Karena daerah-daerah tersebut merupakan sentral produksi padi.;Sinar Harapan;2008;;;;;;http://www.litbang.pertanian.go.id/artikel/one/195
Membuat Emping Garut;;Pembuatan emping garut berampak positif bagi masyarakat tani.Umbi garut yang dibuat emping memiliki nilai ekonomi yang cukup tinggi. Harga umbi basah Rp. 1.000 - Rp. 1. 500/kg dengan dibuat emping memiliki harga jual Rp. 13.000 - Rp. 15.000/kg.;Sinar Tani;2007;;;;;;http://www.litbang.pertanian.go.id/artikel/one/179
Swasembada Kapas Apakah Mungkin ???;;Katakanlah kebutuhan kapas Indonesia mencapai 600.000 ton/tahun, tentunya dapat kita penuhi, karena Pusat Penelitian dan Pengembangan Tanaman Perkebunan telah melakukan penelitian tentang syarat dan sifat tanah serta iklim yang cocok  untuk tanaman kapas. Walaupun kapas merupakan tanaman sub-tropis, wilayah yang sangat sesuai untuk tanaman kapas telah dilaporkan terdapat di wilayah Sulawesi Selatan dengan luasan mencapai 400.000 ha. Produktivitas potensial kapas kita mampu mencapai 3 ton/ha. Bila Intensifikasi Kapas Rakyat (IKR) dihidupkan kembali, dan pelaksanaanya mencontoh sistem BIMAS pada padi sawah, serta pemerintah dalam menangani IKR dapat all-out dan at-all-cost, maka untuk mencapai swasembada kapas, cukup kita dapatkan pada satu propinsi saja yaitu Sulawesi Selatan.;Sinar Tani;2006;;;;;;http://www.litbang.pertanian.go.id/artikel/one/110
Seuntai Pengalaman Lapangan untuk Menjadi Penyuluhan yang Sukses;;Sebagai pengemban profesi ini, penulis yang telah menekuninya lebih dari tiga dasawarsa, dan dalam rentang waktu yang panjang itu banyak memperoleh pengalaman yamh berharga, dan dapat menjadi bahan renungan dan pelajaran begi generasi penyuluh yang datang kemudian. Pengalaman tersebut diyakini penulis akan memperkaya wawasan mereka dalam mengabdikan diri untuk bangsanya, khususnya untuk menjadi penyuluh sukses, yang akan menopang salah satu pilar utama penyuluh, yakni penyuluh sebagai sumber pembelajaran. Penyuluh sukses dapat menjadi pijakan awal kesuksesan penyelenggaraan penyuluhan, pijakan pilar utama lainnya, seperti kelembagaan, program, penggunaan metode dan media yang tepat, serta peng-organisasian dan strategi pendekatannya berperan optimal;Sinar Tani;2007;;;;;;http://www.litbang.pertanian.go.id/artikel/one/175
Menyulap Lahan Terlantar Menjadi Kebun Buah Tropika;;Sejauh mata memandang kadang terlihat hamparan lahan rawa yang luas. Ujung lahan tersebut bagaikan berdinding kaki langit.. Pemandangan lahan terlantar yang sanga luas seperti itu juga ditemukan di Desa Lamunti B-2 Kecamatan Mentangai Kabupaten Kapuas , tepatnya di lokasi eks Proyek Lahan Gambut (PLG) sejuta hektar. Ketersediaan airnya melimpah, topografi relatif datar, sarana transportasinya cukup memadai baik melalui darat maupun dengan sungai. Tentunya kawasan tersebut sangat prospektif untuk pengembangan usahatani dalam skala luas.;Sinar Tani;2008;;;;;;http://www.litbang.pertanian.go.id/artikel/one/204
Ramuan Ajaib, Mengatasi Demam Berdarah Dengue Secara Alami;;Menurut data departemen Kesehatan, pada awal tahun 2007 saja jumlah penderita DBD (Demam Berdarah Dengue) telah mencapai 16.803 orang dan 267 orang di antaranya meninggal dunia. Jumlah orang yang meninggal tersebut jauh lebih banyak dibanding kasus kematian manusia karena flu burung atau Avian Influenza (AI).;Sinar Tani;2007;;;;;;http://www.litbang.pertanian.go.id/artikel/one/162
Varietas Padi Unggul dengan Emisi Gas Metana Rendah;;Seiring dengan upaya peningkatan produksi pangan terutama beras, varietas padi berdaya hasil tinggi dengan kriteria-kriteria tertentu seperti rasa nasi pulen, tahan terhadap hama dan penyakit, toleran terhadap kekeringan atau salinitas tinggi sangat dibutuhkan petani. Namun varietas padi unggul tersebut belum tentu memberikan emisi gas rumah kaca rendah khususnya gas metana. Hasil penelitian selama 1996 - 2000 yang dilakukan di Balai Penelitian Lingkungan Pertanian menunjukkan bahwa beberapa varietas padi unggul berdaya hasil tinggi mempunyai keragaman dalam mengemisi gas metana. Keragaman tersebut akibat perbedaan kondisi air di lahan sawah. Varietas IR64 cenderung menghasilkan emisi gas CH4 rendah dibandingkan varietas lainnya yang umum digunakan petani. Varietas baru seperti Ciherang, Tukad Balian, dan Way Apoburu memberikan harapan baru, karena mampu mengurangi besarnya emisi gas CH4 ke atmosfir. Besarnya emisi gas metana dari varietas-varietas padi mempunyai hubungan positif non linier dengan bobot kering akar padi yang berperan sebagai penghasil eksudat akar sumber karbon bagi bakteri metanogen.;Sinar Tani;2006;;;;;;http://www.litbang.pertanian.go.id/artikel/one/127
Cabai di Lahan Rawa Lebak Menjanjikan Keuntungan Jutaan Rupiah;;Hasil analisis biaya dan pendapatan usahatani bertanam cabai di lahan rawa lebak menjanjikan keuntungan sekitar Rp. 21 juta. Lahan rawa lebak di daerah Hulu Sungai Selatan (Kalimantan Selatan) merupakan lahan yang bertanah gambut.;Sinar Tani;2006;;;;;;http://www.litbang.pertanian.go.id/artikel/one/117
Indonesia Boosts R&D To Cope With Climate Change;;The inevitable climate change will have tremendous impact on many aspects of life that require reconsideration of the development strategy.;The Jakarta Post;2007;;;;;;http://www.litbang.pertanian.go.id/artikel/one/185
SEJARAH SUKSES KEDELAI DI BRAZIL DAN SWASEMBADA DI INDONESIA;;Tanaman kedelai diintroduksikan ke Brazil oleh imigran  Jepang sekitar tahun 1931 atau sekitar 76 tahun lalu. Sejak diintroduksikan sampai tahun 1960-an, kedelai belum menjadi komoditas penting di Brazil.;Sinar Tani;2008;;;;;;http://www.litbang.pertanian.go.id/artikel/one/205
Peningkatan Protein Hewani Untuk Ketahan Pangan;;Acara puncak Peringatan Hari Pangan Sedunia yang ke - 27 berlangsung di Provinsi Lampung, 5 Desember 2007. temu pangan sedunia tahun ini ”Melalui Peningkatan Produksi Dan Mutu Produk Pangan Hewani Kita Tingkatkan Kecerdasan Bangsa”. Tema ini berkaitan erat dengan subsektor peternakan dan perikanan sebagai  sumber pangan hewani.;Bisnis Indonesia;2008;;;;;;http://www.litbang.pertanian.go.id/artikel/one/197
Penelitian dan Penyuluhan Partisipatif;;Penelitian/pengkajian yang dilaksanakan khususnya di lembaga riset sebaiknya berawal dari permasalahan yang ingin dicari jalan keluarnya oleh masyarakat. Oleh karena itu sangat dianjurkan agar peneliti/pengkaji dalam melaksanakan kegiatannya memulai dari perencanaan, pelaksanaan sampai monitoring dan evaluasinya melibatkan masyarakat secara aktif dan partisipatif.;Sinar Tani;2006;;;;;;http://www.litbang.pertanian.go.id/artikel/one/114
Penyuluh Petanian vs Pertanian Berkelanjutan;;Kegiatan pembangunan apapun yang dilaksanakan, pada hakekatnya bertujuan untuk selalu terus-menerus memperbaiki kualitas hidup dan kesejahteraan manusia secara individu atau masyarakat pada umumnya.;Sinar Tani;2007;;;;;;http://www.litbang.pertanian.go.id/artikel/one/156
Pemantapan Kelembagaan Pada Gapoktan;;Gabungan Kelompok Tani atau GAPOKTAN adalah gabungan dari beberapa kelompoktani yang melakukan usaha agribisnis di atas prinsip kebersamaan dan kemitraan sehingga mencapai peningkatan produksi dan pendapatan usahatani bagi anggotanya dan petani lainnya.;Sinar Tani;2009;;;;;;http://www.litbang.pertanian.go.id/artikel/one/249
Menghilangkan Burik Pada Buah Jeruk;;Buah jeruk yang burik atau kusam harga jualnya jatuh. Bagaimana mengatasinya? Menurut hasil survey yang dilakukan Badan Litbang Pertanian Deptan di sentra produksi jeruk manis, keprok dan siam di Jawa Timur, Sumatera Utara dan Kalimantan Barat, ternyata buah jeruk yang burik disebabkan oleh serangan tungau karat jeruk (TKJ) dari famili Eriophyidae;Sinar Tani;2008;;;;;;http://www.litbang.pertanian.go.id/artikel/one/203
Mendongkrak Pendapatan Petani dengan Sentuhan Teknologi Maju;;Siapa sangka, sebuah desa kecil di pelosok Buleleng, Bali ternyata menerapkan teknologi canggih untuk mengelola sistem pertaniannya. Dari pengolahan limbah untuk makanan ternak kambing, hingga pemakaian teknologi laser untuk pembiakannya. Dengan memadukan konsep sinergis perkebunan dengan peternak, para petani Bongancina ini mampu meningkatkan pendapatan hingga tiga kali lipat.;Sinar Tani;2006;;;;;;http://www.litbang.pertanian.go.id/artikel/one/116
Perlu Inovasi Teknologi;;Banyak pihak menulis tentang emisi gas rumah kaca (GRK), pemanasan global dan perubahan iklim di media masa dan televise menjelang dan setelah penyelenggaraan COP 13 di Bali. Hal ini menarik karena masyarakat Indonesia mulai melihat perubahan ini bukan lagi sebagai teori yang perlu diperdebatkan tetapi sudah merupakan satu ancaman yang mulai dirasakan oleh masyarakat.;Sinar Tani;2008;;;;;;http://www.litbang.pertanian.go.id/artikel/one/207
Hasil Samping Tanaman Kelapa;;Tanaman kelapa mempunyai berbagai hasil samping yang sangat bermanfaat dan mempunyai nilai ekonomi tinggi. Seperti jok mobil, nata de coco, arang briket, anyaman dan sebagainya.;Sinar Tani;2009;;;;;;http://www.litbang.pertanian.go.id/artikel/one/246
Temu Lapang Inovasi Teknologi di BPTP Sulsel;;Kesepakatan Temu lapang untuk memanfaatkan benih bersertifikat ke depan semakin bulat. Tidak kurang dari Bupati Luwu Utara siap mendanai penangkaran benih di wilayahnya yang tersebar dengan Wilayah Kerja Balai Penyuluhan Pertanian sedang dirancang sebagai untuk membina unit-unit penangkaran benih padi, sehingga semakin tersebar dan mendekati konsumennya, yaitu para kelompoktani.;Sinar Tani;2006;;;;;;http://www.litbang.pertanian.go.id/artikel/one/141
Perkembangan Wereng Coklat Biotipe 4;;Biotipe didefinisikan sebagai suatu populasi atau individu yang dapat dibedakan dari populasi atau individu lain bukan karena sifat morfologi, tetapi didasarkan kepada kemampuan adaptasi, perkembangan pada tanaman inang tertentu, daya tarik untuk makan, dan meletakkan telur.;Sinar Tani;2007;;;;;;http://www.litbang.pertanian.go.id/artikel/one/171
Open House Balai besar Penelitian Tanaman Padi (BB Padi) 14-16 Januari 2009;;Peningkatan produksi padi ke depan tetap menjadi prioritas pertama. Semua peluang dan inovasi harus dimanfaatkan sebaik-baiknya. Untuk itu Balai Besar Penelitian Tanaman Padi pada tanggal 14-16 Januari 2009 akan menyelenggarakan Open House. Seperti musim-musim sebelumnya. Open House yang merupakan agenda rutin BB Padi dilaksanakan setiap menjelang panen. Tema open house kali ini adalah ”Varietas Unggul Umur Genjah Mendukung Keberhasilan Peningkatan Produksi Padi dalam IP Padi 400”. Tema ini diangkat untuk mensosialisasikan kepada pengguna khususnya petani. Hal ini ditujukan untuk peningkatan produksi padi menuju 2020 untuk memperkuat kemandirian pangan dan peluang ekspor.;Sinar Tani;2009;;;;;;http://www.litbang.pertanian.go.id/artikel/one/227
Memproduksi Tepung dari Bahan Pisang;;Disamping untuk konsumsi segar beberapa kultivar pisang di Indonesia juga dimanfaatkan sebagai bahan baku industri olahan pisang misalnya industri kripik, sale dan tepung pisang.;Sinar Tani;2009;;;;;;http://www.litbang.pertanian.go.id/artikel/one/236
Membuat Media Tumbuh Anggrek;;Media tumbuh yang baik bagi anggrek (Famili Orchidaceae) harus memenuhi beberapa persyaratan, antara lain tidak lekas melapuk dan terdekomposisi, tidak menjadi sumber penyakit bagi tanaman, mempunyai aerasi dan drainase yang baik serta lancar, mampu mengikat air dan zat-zat hara secara optimal, dapat mempertahankan kelembaban di sekitar akar, untuk pertumbuhan anggrek dibutuhkan ph media 5-6, ramah lingkungan serta mudah didapat dan relatif murah harganya.;Sinar Tani;2008;;;;;;http://www.litbang.pertanian.go.id/artikel/one/208
Untung Usahatani Bunga Krisan;;Merapi. Hanya dengan rumah plastik sederhana seluas 120 m2 dengan populasi tanaman 10.000 tangkai, dapat diperoleh pendapatan bersih Rp. 7.213.008,-. Hitung-hitungan keuntungan itu adalah hasil analisa finansial (usahatani) yang dilakukan Badan Pengkajian Teknologi Pertanian (BPTP) Yogyakarta selama tiga tahun mengujicoba usahatani tanaman ini di lereng Gunung Merapi Yogya.;Sinar Tani;2008;;;;;;http://www.litbang.pertanian.go.id/artikel/one/222
Pangan Mahal untuk Menaikkan Produksi;;Masyarakat saat ini dihadapkan pada mahalnya harga kebutuhan pokok seperti beras, gula, minyak goreng, tepung terigu, belum lagi barang lainnya seperti tahu, tempe, minyak tanah dsb. Hampir seluruh sembilan kebutuhan bahan pokok sudah mengalami kenaikan yang tajam.;Sinar Harapan;2008;;;;;;http://www.litbang.pertanian.go.id/artikel/one/206
Siapakah Yang Disebut Petani itu ?;;Dengan mendeskripsikan secara tepat siapa yang disebut petani tersebut, akan membuka mata para pengambil kebijakan di negeri ini, bahwa penduduk desa itu tidak melulu isinya hanya petani, sehingga program yang terkait dengan pembangunan desa tidak lagi hanya dominan orang pertanian dalam arti luas tetapi juga sektor lain. Kalau kita perhatikan di beberapa negara maju, dengan jumlah petani kurang dari 10%, keberadaan departemen teknis (semacam DEPTAN) tetap sangat diperlukan dalam menjamin suplai bahan pangan dan memacu ekspor produk pertanian.;Sinar Tani;2006;;;;;;http://www.litbang.pertanian.go.id/artikel/one/111
Kelompok Tani Kampung Pulung Kencana Bangkit Karena Primatani;;Prima Tani di Kabupaten Tulang Bawang mulai dirasakan manfaatnya oleh masyarakat tani, khususnya di Kampung Pulung Kencana. Sebelum Program Prima Tani masuk ke Pulung Kencana, di kampung ini terdapat 22 kelompok tani, dan 12 kelompok tergolong aktif.;Sinar Tani;2009;;;;;;http://www.litbang.pertanian.go.id/artikel/one/237
Plasma Nutfah Kelapa Terancam Hilang;;Kebun Paniki mulai  ditanam kelapa oleh Balitka pada tahun 1976 (SK gubernur Sulawesi Utara No. 17/149/1975) yang menetapkan Dinas Perkebunan Provinsi Sulawesi Utara menguasai untuk digunakan sebagai seed garden lahan seluas 105 ha yang dibeli Pemda Provinsi Sulawesi Utara dari HGU swasta, mengamankan dan bertanggung jawab atas pelaksanaan penguasaan dan pelaksanaan proyek dengan bekerjasama dengan LPTI ( Balitka sekarang ), dengan mengumpulkan plasma nutfah.;Sinar Tani;2008;;;;;;http://www.litbang.pertanian.go.id/artikel/one/199
Penyerentakan Birahi Pada Domba Untuk Meningkatkan Efisiensi Manajemen Perkawinan;;PENDAHULUANPenyerentakan birahi diperlukan agar perkawinaan dapat dilakukan serentak sehingga pemanfaatan pejantan dapat dilakukan secara optimal, saat kebuntingan dapat terjadi dengan serentak sehingga manajemen pakan jadi seragam, dan yang paling penting saat beranak menjadi serentak sehingga panen pun dapat dilakukan secara serentak. Dengan demikian terjadi suatu efisien tenaga kerja dan keperluan kandang beranak dan kandang pembesaran.;Sinar Tani;2008;;;;;;http://www.litbang.pertanian.go.id/artikel/one/220
Asam Nitrit Untuk Prosesing Benih Kapas Sistem Kering;;Pada tahun 2008 ini, pemerintah berkonsentrasi mempercepat pengembangan bahan kapas seluas 2.00 ha dengan menggunakan kapas lokal (krosia) dan kapas hibrida dari china dengan produktivitas 3-4 ton/ha. Benih kapas tersebut di subsidi penuh oleh pemerintah.;Sinar Tani;2008;;;;;;http://www.litbang.pertanian.go.id/artikel/one/201
Membuat Nata De Kakao untuk Diet;;Pulpa Kakao - lapisan yang menyelubungi biji kakao basah bisa dibuat nata de kakao yang cocok untuk makanan kesehatan dan diet.Kandungan gula di dalam pulpa yang cukup tinggi (10-15 persen, sisanya berupa air) dapat dimanfaatkan oleh bakteri Acetobacter xylinum sebagai media tumbuh yang hasilnya bisa dijadikan produk makanan yang disebut nata de kakao. Produk nata ini dapat digolongkan sebagai makanan kesehatan atau makanan diet karena kandungan selulosanya. Selulosa sangat dikenal sebagai serat pangan alami (dietary fiber) yang mempunyai manfaat dalam proses pencemaran makanan di dalam usus halus manusia dan dalam proses penyerapan air di dalam usus besar. Selain itu, nata juga dikenal rendah kalori dan tidak mengandung kolesterol.;Sinar Tani;2006;;;;;;http://www.litbang.pertanian.go.id/artikel/one/121
Sekam Padi Sebagai Sumber Energi Alternatif dalam Rumah Tangga Petani;;Limbah sering diartikan sebagai bahan buangan/bahan sisa dari proses pengolahan hasil pertanian. Proses penghancuran limbah secara alami berlangsung lambat, sehingga limbah tidak saja mengganggu lingkungan sekitarnya tetapi juga mengganggu kesehatan manusia. Pada setiap penggilingan padi akan selalu kita lihat tumpukan bahkan gunungan sekam yang semakin lama semakin tinggi. Saat ini pemanfaatan sekam padi tersebut masih sangat sedikit, sehingga sekam tetap menjadi bahan limbah yang mengganggu lingkungan.;Sinar Tani;2008;;;;;;http://www.litbang.pertanian.go.id/artikel/one/210
Tanaman Atsiri untuk Konservasi dan Sumber Pendapatan Petani;;Bencana banjir dan tanah longsor kini sedang melanda tanah air. Bencana itu bisa dicegah dengan melakukan konservasi. Tanaman atsiri bisa digunakan untuk konservasi, karena memiliki nilai tambah yang tinggi.;Sinar Tani;2007;;;;;;http://www.litbang.pertanian.go.id/artikel/one/154
Tepung Aneka Umbi Sebuah Solusi Ketahanan Pangan;;Pangan pokok masyarakat Indonesia berbentuk butiran, yaitu beras dan jagung. Agar menyerupai beras, sebagai pangan pokok maka jagung dibentuk menjadi grits, yaitu butiran kecil hasil pemecahan butir jagung menjadi 6-8 bagian. Orang awam mengenal grits jagung ini sebagai \'Beras jagung\'. Beras dikosumsi lebih dari 90 persen populasi, sehingga pemahaman ketahanan pangan seolah-olah identik dengan kecukupan/ketersediaan beras. Padahal komoditas pangan sumber karbohidrat di negeri ini sangat beragam, baik yang tergolong serealia seperti jagung, sorgum, hanjeli dan hermada, serta aneka umbi seperti ubikayu, ubijalar, talas, gadung, gembili, suweg, iles-iles, kentang, garut dan ganyong (Widowati, 2000). Komoditas sumber karbohidrat harapan yang saat ini sedang dikembangkan, terutama di pulau Buru adalah hotong (Setaria Italica (L) Beauv), jenis serealia dengan penampilan mirip dengan juwawut (Herodian, et.al.,2007).;Sinar Tani;2009;;;;;;http://www.litbang.pertanian.go.id/artikel/one/240
Johnes Disease Pada Sapi;;Dalam Cilacap Media.com (05 Agustus 2008) diberitakan bahwa, empat dari 1180 ekor sapi perah bibit asal New Zealand dinyatakan positif mengidap penyakit Johnes Disease (JD). Keempat sapi tersebut dimusnahkan di Stasiun Karantina Pertanian Kelas I Cilacap. Apa itu Johnes Disease ? Kenapa harus dimusnahkan?;Sinar Tani;2008;;;;;;http://www.litbang.pertanian.go.id/artikel/one/223
Kompos Cacing Tanah (CASTING);;Ada kecenderungan, selama ini petani hanya bergantung pada pupuk anorganik atau pupuk kimia untuk mendukung usahataninya. Ketergantungan ini disebabkan oleh faktor yang berkaitan dengan karakteristik pupuk anorganik, antara lain kandungan unsur hara yang relatif tinggi dan penggunaan yang relatif praktis, meskipun sebenarnya petani menyadari harga pupuk anorganik lebih mahal. Kondisi ini semakin terasa dengan semakin naiknya harga sarana produksi pertanian, terutama pupuk organik. Namun proses pengomposan secara alami untuk mendapatkan pupuk organik memerlukan waktu yang cukup lama dan dianggap kurang dapat mengimbangi kebutuhan yang terus meningkat. Untuk mengantisipasi terjadinya kekosongan pupuk organik kini ditemukan beberapa aktivator yang dapat mempercepat proses pengomposan sehingga kontinuitas produksi pupuk organik lebih terjamin.;Sinar Tani;2009;;;;;;http://www.litbang.pertanian.go.id/artikel/one/231
Pengolahan dan Penganekaragaman Hasik Vanili Berdasarkan Standar Mutu Nasional;;Vanili (Vanilla Planifolia ANDREWS) merupakan komoditas bernilai ekonomis tinggi. Indonesia merupakan Negara produsen dan eksportir Vanili kedua setelah Madagaskar (59%), dengan pangsa pasar sekitar 20-30% dari kebutuhan dunia. Vanili Indonesia sangat digemari para konsumen karena memiliki kadar bahan vanilline cukup tinggi. Sayangnya kualitas produksi vanili Indonesia belum di dukung oleh teknologi pasca panen yang memenuhi persyaratan SNI, khususnya dalam pengolahan, pelayuan, pemeraman dan pengeringan, dan penyimpanan (conditioning).;Sinar Tani;2008;;;;;;http://www.litbang.pertanian.go.id/artikel/one/217
