"Keputusan dan Lampiran Panduan Monev";;;"Biro Hubungan Masyarakat dan Informasi Publik";2013;pdf;;;;;"http://ppid.pertanian.go.id/doc/1/Keputusan Menteri/Keputusan dan Lampiran Panduan Monev.pdf"
"Keynote Speech Irjen Raker PPID 2014";;;"Biro Hubungan Masyarakat dan Informasi Publik";2014;pdf;;;;;"http://ppid.pertanian.go.id/doc/1/Bahan RAKER PPID 2014/Keynote Speech Irjen Raker PPID 2014.pdf"
"Permentan 41 Tahun 2012 Tentang Pedoman Uji Konsekuaensi";;;"Biro Hubungan Masyarakat dan Informasi Publik";2014;pdf;;;;;"http://ppid.pertanian.go.id/doc/1/Peraturan Menteri/Permentan 41 Tahun 2012 Tentang Pedoman Uji Konsekuaensi.pdf"
"Sidang Ajudikasi Sengketa";;;"Biro Hubungan Masyarakat dan Informasi Publik";2014;pdf;;;;;"http://ppid.pertanian.go.id/doc/1/Bahan RAKER PPID 2014/Komisi Informasi_Sidang Ajudikasi Sengketa.pdf"
"Komitmen Bersama Keterbukaan IP";;;"Biro Hubungan Masyarakat dan Informasi Publik";2014;pdf;;;;;"http://ppid.pertanian.go.id/doc/1/Bahan RAKER PPID 2014/Komitmen Bersama Keterbukaan IP.pdf"
"PELATIHAN DI KANTOR SENDIRI.pptx";;;"Inspektorat Jenderal";2014;pptx;;;;;"http://itjen.ppid.pertanian.go.id/doc/23/PELATIHAN DI KANTOR SENDIRI.pptx"
F-7-Rekap-Keberatan;;;"Biro Hubungan Masyarakat dan Informasi Publik";2013;pdf;;;;;"http://ppid.pertanian.go.id/doc/1/Form PPID/F-7-Rekap-Keberatan.pdf"
F-4-Perpanjangan_Waktu;;;"Biro Hubungan Masyarakat dan Informasi Publik";2013;pdf;;;;;"http://ppid.pertanian.go.id/doc/1/Form PPID/F-4-Perpanjangan_Waktu.pdf"
"KLASIFIKASI INFORMASI PUBLIK DIUMUMKAN SECARA SERTA MERTA_2011.pdf";;;"Biro Hubungan Masyarakat dan Informasi Publik";2013;pdf;;;;;"http://ppid.pertanian.go.id/doc/1/Informasi Publik yang Dikuasai Thn 2011/KLASIFIKASI INFORMASI PUBLIK DIUMUMKAN SECARA SERTA MERTA_2011.pdf"
"Buku Saku PPID";;;"Biro Hubungan Masyarakat dan Informasi Publik";2013;pdf;;;;;"http://ppid.pertanian.go.id/doc/1/Form PPID/Buku_Saku_PPID.pdf"
F-5-Penolakan_Permohonan;;;"Biro Hubungan Masyarakat dan Informasi Publik";2013;pdf;;;;;"http://ppid.pertanian.go.id/doc/1/Form PPID/F-5-Penolakan_Permohonan.pdf"
F-3-Pemberitahuan_tertulis;;;"Biro Hubungan Masyarakat dan Informasi Publik";2013;pdf;;;;;"http://ppid.pertanian.go.id/doc/1/Form PPID/F-3-Pemberitahuan_tertulis.pdf"
F-2-Tanda_Bukti_Penerimaan_Permintaan_IP;;;"Biro Hubungan Masyarakat dan Informasi Publik";2013;pdf;;;;;"http://ppid.pertanian.go.id/doc/1/Form PPID/F-2-Tanda_Bukti_Penerimaan_Permintaan_IP.pdf"
F-6-Keberatan;;;"Biro Hubungan Masyarakat dan Informasi Publik";2013;pdf;;;;;"http://ppid.pertanian.go.id/doc/1/Form PPID/F-6-Keberatan.pdf"
"KLASIFIKASI INFORMASI PUBLIK TERSEDIA SETIAP SAAT Thn 2011";;;"Biro Hubungan Masyarakat dan Informasi Publik";2013;pdf;;;;;"http://ppid.pertanian.go.id/doc/1/Informasi Publik yang Dikuasai Thn 2011/KLASIFIKASI INFORMASI PUBLIK TERSEDIA SETIAP SAAT_2011.pdf"
"KLASIFIKASI INFORMASI PUBLIK DIUMUMKAN SECARA BERKALA_2011.pdf";;;"Biro Hubungan Masyarakat dan Informasi Publik";2013;pdf;;;;;"http://ppid.pertanian.go.id/doc/1/Informasi Publik yang Dikuasai Thn 2011/KLASIFIKASI INFORMASI PUBLIK DIUMUMKAN SECARA BERKALA_2011.pdf"
"F 1B_Permohonan_IP_Badan Hukum";;;"Biro Hubungan Masyarakat dan Informasi Publik";2013;pdf;;;;;"http://ppid.pertanian.go.id/doc/1/Form PPID/F-1B-Permohonan_IP_Badan Hukum-Kelompok.pdf"
"ndang-Undang No 14 Thn 2008 tentang Keterbukaan Informasi Publik";;;"Sekretariat Jenderal";2013;pdf;;;;;http://ppid.pertanian.go.id/doc/1/Undang-undang/Undang-Undang_No_14_Thn_2008_KIP.pdf
Permentan_Nomor_32_Tahun_2011.pdf;;;"Sekretariat Jenderal";2013;pdf;;;;;"http://ppid.pertanian.go.id/doc/1/Peraturan Menteri/Permentan_Nomor_32_Tahun_2011.pdf"
"Penjelasan Peraturan Komisi Informasi tentang Standar Layanan Informasi Publik";;;"Biro Hubungan Masyarakat dan Informasi Publik";2013;pdf;;;;;"http://ppid.pertanian.go.id/doc/1/Peraturan Menteri/Penjelasan Peraturan Komisi Informasi tentang Standar Layanan Informasi Publik.pdf"
"Telaahan Tren Isu Kementan_Periode Pebruari 2013";;;"Biro Umum Dan Pengadaan";2013;pdf;;;;;"http://ppid.pertanian.go.id/doc/1/Humas/02. Telaahan Tren Isu Kementan_Periode Pebruari 2013.pdf"
"Telaahan Tren Isu Kementan_Periode Maret 2013";;;"Biro Umum Dan Pengadaan";2013;pdf;;;;;"http://ppid.pertanian.go.id/doc/1/Humas/03. Telaahan Tren Isu Kementan_Periode Maret 2013.pdf"
"Telaahan Tren Isu Kementan_Periode Januari 2013";;;"Biro Umum Dan Pengadaan";2013;pdf;;;;;"http://ppid.pertanian.go.id/doc/1/Humas/01. Telaahan Tren Isu Kementan_Periode Januari 2013.pdf"
"Telaahan Tren Isu Kementan_Periode Mei 2013";;;"Biro Umum Dan Pengadaan";2013;pdf;;;;;"http://ppid.pertanian.go.id/doc/1/Humas/05. Telaahan Tren Isu Kementan_Periode Mei 2013.pdf"
"Telaahan Tren Isu Kementan_Periode April 2013";;;"Biro Umum Dan Pengadaan";2013;pdf;;;;;"http://ppid.pertanian.go.id/doc/1/Humas/04. Telaahan Tren Isu Kementan_Periode April 20132.pdf"
" Telaahan Tren Isu Kementan_Periode Juli 2013";;;"Biro Umum Dan Pengadaan";2013;pdf;;;;;"http://ppid.pertanian.go.id/doc/1/Humas/07. Telaahan Tren Isu Kementan_Periode Juli 2013.pdf"
"Budidaya Bawang Merah";;;"Direktorat Jenderal Hortikultura";2013;pdf;;;;;"http://ppid.pertanian.go.id/doc/1/Budidaya/Budidaya Bawang Merah.pdf"
"udidaya Bawang Putih";;;"Direktorat Jenderal Hortikultura";2013;pdf;;;;;"http://ppid.pertanian.go.id/doc/1/Budidaya/Budidaya Bawang Putih.pdf"
"Budidaya Bunga Potong Sedap Malam";;;"Direktorat Jenderal Hortikultura";2013;pdf;;;;;"http://ppid.pertanian.go.id/doc/1/Budidaya/Budidaya Bunga Potong Sedap Malam.pdf"
"Budidaya Cabe Rawit";;;"Direktorat Jenderal Hortikultura";2013;pdf;;;;;"http://ppid.pertanian.go.id/doc/1/Budidaya/Budidaya Cabe Rawit.pdf"
"Budidaya Cordyline";;;"Direktorat Jenderal Hortikultura";2013;pdf;;;;;"http://ppid.pertanian.go.id/doc/1/Budidaya/Budidaya Cordyline.pdf"
"Budidaya Jamur Tiram";;;"Direktorat Jenderal Hortikultura";2013;pdf;;;;;"http://ppid.pertanian.go.id/doc/1/Budidaya/Budidaya Jamur Tiram.pdf"
"udidaya Jeruk Besar";;;"Direktorat Jenderal Hortikultura";2013;pdf;;;;;"http://ppid.pertanian.go.id/doc/1/Budidaya/Budidaya Jeruk Besar.pdf"
"Budidaya Maju Markisa";;;"Direktorat Jenderal Hortikultura";2013;pdf;;;;;"http://ppid.pertanian.go.id/doc/1/Budidaya/Budidaya Maju Markisa.pdf"
"Budi Daya Padi Sawah.pdf";;;"Direktorat Jenderal Tanaman Pangan";2013;pdf;;;;;"http://ppid.pertanian.go.id/doc/1/Budidaya/Budi Daya Padi Sawah.pdf"
"udidaya Serai Wangi";;;"Direktorat Jenderal Perkebunan";2013;pdf;;;;;"http://ppid.pertanian.go.id/doc/1/Budidaya/Budidaya Serai Wangi.pdf"
"Budidaya Terung.pdf";;;"Direktorat Jenderal Hortikultura";2013;pdf;;;;;"http://ppid.pertanian.go.id/doc/1/Budidaya/Budidaya Terung.pdf"
"Pedoman Produksi Bersih Aman dan Ramah Lingkungan Untuk Olahan Peternakan";;;"Direktorat Jenderal Peternakan Dan Kesehatan Hewan";2013;pdf;;;;;"http://ppid.pertanian.go.id/doc/1/Budidaya/Pedoman Produksi Bersih Aman dan Ramah Lingkungan Untuk Olahan Peternakan.pdf"
"Undang-Undang Iinformasi dan Transaksi Elektronik No.11 Thn 2008";;;"Biro Hubungan Masyarakat dan Informasi Publik";2013;pdf;;;;;"http://ppid.pertanian.go.id/doc/1/Undang-undang/Undang-Undang Iinformasi dan Transaksi Elektronik No.11 Thn 2008.pdf"
"Telaahan Tren Isu Kementan_Periode Juni 2013";;;"Biro Umum Dan Pengadaan";2013;pdf;;;;;"http://ppid.pertanian.go.id/doc/1/Humas/06. Telaahan Tren Isu Kementan_Periode Juni 2013.pdf"
"Statistik Perkebunan Kopi.pdf";;;"Direktorat Jenderal Perkebunan";2014;pdf;;;;;"http://ppid.pertanian.go.id/doc/1/Statistik Perkebunan/Statistik Perkebunan Kopi.pdf"
"Statistik Perkebunan Lada.pdf";;;"Direktorat Jenderal Perkebunan";2014;pdf;;;;;"http://ppid.pertanian.go.id/doc/1/Statistik Perkebunan/Statistik Perkebunan Lada.pdf"
"Statistik Perkebunan Tea.pdf";;;"Direktorat Jenderal Perkebunan";2014;pdf;;;;;"http://ppid.pertanian.go.id/doc/1/Statistik Perkebunan/Statistik Perkebunan Tea.pdf"
"Statistik Perkebunan Tebu.pdf";;;"Direktorat Jenderal Perkebunan";2014;pdf;;;;;"http://ppid.pertanian.go.id/doc/1/Statistik Perkebunan/Statistik Perkebunan Tebu.pdf"
"Laporan PPID Utama Tahun 2013.pdf";;;"Biro Hubungan Masyarakat dan Informasi Publik";2014;pdf;;;;;"http://ppid.pertanian.go.id/doc/1/Laporan Tahunan PPID/Laporan PPID Utama Tahun 2013.pdf"
"Daftar Informasi Publik Dikuasai lingkup Kementan 2014";;;"Biro Hubungan Masyarakat dan Informasi Publik";2014;pdf;;;;;"http://ppid.pertanian.go.id/doc/1/Daftar IP Yang Dikuasai Lingkup Kementan/Informasi Publik yang Dikuasai Thn 2014/Daftar Informasi Publik Dikuasai lingkup Kementan 2014.pdf"
"Kepmentan PPID Utama dan PPID Pelaksana Eselon I.pdf";;;"Sekretariat Jenderal";2013;pdf;;;;;"http://ppid.pertanian.go.id/doc/1/Keputusan Menteri/Kepmentan PPID Utama dan PPID Pelaksana Eselon I.pdf"
"PERMENTAN NO.69 THN 2013 Ttg  PEDOMAN PENGUKURAN INDEK PENERAPAN BUDYA KERJA";;;"Biro Hubungan Masyarakat dan Informasi Publik";2014;pdf;;;;;"http://ppid.pertanian.go.id/doc/1/Peraturan Menteri/PERMENTAN NO.69 THN 2013 Ttg  PEDOMAN PENGUKURAN INDEK PENERAPAN BUDYA KERJA.pdf"
"PERMENTAN NO.78 THN 2012 Tntg PEDOMANPENYUSUNAN DAN PENETAPAN STANDAR PELALAYANNA PUBLIK";;;"Biro Hubungan Masyarakat dan Informasi Publik";2014;pdf;;;;;"http://ppid.pertanian.go.id/doc/1/Peraturan Menteri/PERMENTAN NO.78 THN 2012 Tntg PEDOMANPENYUSUNAN DAN PENETAPAN STANDAR PELALAYANNA PUBLIK.pdf"
"PERMENTAN NO.78 THN 2013 Tntg PEDOMAN PENGUKURAN IKM";;;"Biro Hubungan Masyarakat dan Informasi Publik";2014;pdf;;;;;"http://ppid.pertanian.go.id/doc/1/Peraturan Menteri/PERMENTAN NO.78 THN 2013 Tntg PEDOMAN PENGUKURAN IKM.pdf"
"Statistik Perkebunan Cengkeh";;;"Direktorat Jenderal Perkebunan";2014;pdf;;;;;"http://ppid.pertanian.go.id/doc/1/Statistik Perkebunan/Statistik Perkebunan Cengkeh.pdf"
"Statistik Perkebunan Karet";;;"Direktorat Jenderal Perkebunan";2014;pdf;;;;;"http://ppid.pertanian.go.id/doc/1/Statistik Perkebunan/Statistik Perkebunan Karet.pdf"
"Perkebunan Kelapa Sawit";;;"Direktorat Jenderal Perkebunan";2014;pdf;;;;;"http://ppid.pertanian.go.id/doc/1/Statistik Perkebunan/Statistik Perkebunan Kelapa Sawit.pdf"
"Statistik Perkebunan Tembakau.pdf";;;"Direktorat Jenderal Perkebunan";2014;pdf;;;;;"http://ppid.pertanian.go.id/doc/1/Statistik Perkebunan/Statistik Perkebunan Tembakau.pdf"
"Budidaya Jahe,kencur, Kunyit dan Temulawak";;;"Badan Penelitian Dan Pengembangan Pertanian";2014;pdf;;;;;"http://ppid.pertanian.go.id/doc/1/Budidaya/Budidaya Jahe,kencur, Kunyit dan Temulawak.pdf"
"Peraturan_Pemerintah_No 61_Thn_2010.pdf";;;"Sekretariat Jenderal";2013;pdf;;;;;"http://ppid.pertanian.go.id/doc/1/Peraturan Menteri/Peraturan_Pemerintah_No 61_Thn_2010.pdf"
"Tanya Jawab Seputar UU Keterbukaan Informasi Publik";;;"Sekretariat Jenderal";2013;pdf;;;;;http://ppid.pertanian.go.id/doc/1/Undang-undang/Tanya_Jawab_UU_KIP.pdf
"Rening koran1.pdf";;;"Biro Hubungan Masyarakat dan Informasi Publik";2014;pdf;;;;;"http://ppid.pertanian.go.id/doc/1/Bahan RAKER PPID 2014/Rening koran1.pdf"
"Transparansi dan Akuntabel Situs K-L";;;"Biro Hubungan Masyarakat dan Informasi Publik";2014;pdf;;;;;"http://ppid.pertanian.go.id/doc/1/Bahan RAKER PPID 2014/PPPI_Transparansi dan Akuntabel Situs K-L.pdf"
"Keynote Speech Setjen Raker PPID 2014";;;"Biro Hubungan Masyarakat dan Informasi Publik";2014;pdf;;;;;"http://ppid.pertanian.go.id/doc/1/Bahan RAKER PPID 2014/Keynote Speech Setjen Raker PPID 2014.pdf"
"Renja 2014";"Seksi. Program";;"Bbpp Binuang";2014;pdf;;;;;http://bbpp-binuang.ppid.pertanian.go.id/doc/69/RENJA_2014.pdf
"Kebijakan Pengembangan TIK dan eGov Kementerian Pertanian";;;"Biro Hubungan Masyarakat dan Informasi Publik";2014;pdf;;;;;"http://ppid.pertanian.go.id/doc/1/Bahan RAKER PPID 2014/KaPusDatin_Kebijakan Pengembangan TIK dan eGov Kementerian Pertanian.pdf"
"Undang-Undang No.25 Thn 2009 Tntg Pelayanan Publik";"Negara RI";;"Biro Hubungan Masyarakat dan Informasi Publik";2014;pdf;;;;;"http://ppid.pertanian.go.id/doc/1/Undang-undang/Undang-Undang No.25 Thn 2009 Tntg Pelayanan Publik.pdf"
"UU 17 Thn 2013 di KEMENTAN 18 Juni 2014";;;"Biro Hubungan Masyarakat dan Informasi Publik";2014;pdf;;;;;"http://ppid.pertanian.go.id/doc/1/Bahan RAKER PPID 2014/Kemendagri_UU 17 Thn 2013 di KEMENTAN 18 Juni 2014.pdf"
"Peraturan Pemerintah RI_No_82_Tahun_2012";"BBIB Singosari";;"Biro Hubungan Masyarakat dan Informasi Publik";2014;pdf;;;;;"http://ppid.pertanian.go.id/doc/1/peraturan Pemerintah/Peraturan Pemerintah RI_No_82_Tahun_2012.pdf"
"Kebijakan dan Arah Pengelolaan IP Lingkup Kementan";;;"Biro Hubungan Masyarakat dan Informasi Publik";2014;pdf;;;;;"http://ppid.pertanian.go.id/doc/1/Bahan RAKER PPID 2014/Karo HIP_Kebijakan dan Arah Pengelolaan IP Lingkup Kementan.pdf"
"35 Tahun Berkarya Untuk Petani.pdf";"Pusat Sosial Ekonomi dan Kebijakan Pertanian";;;2014;pdf;;;;;"http://ppid.pertanian.go.id/doc/1/BPTP Lampung/Profil/35 Tahun Berkarya Untuk Petani.pdf"
"Buletin Analsis Perkembangan harga Komoditi Pertanian, Juni 2011";"Pusat Sosial Ekonomi dan Kebijakan Pertanian";;"Pusat Data Dan Sistem Informasi Pertanian";2014;pdf;;;;;"http://ppid.pertanian.go.id/doc/1/Buletin/Buletin Analisis Kebijakan Pertanian"
"Buletin Analisis Perkembangan Harga Komoditas Pertanian,  Februari 2013";"Pusat Data dan Sistem Informasi Pertanian";;"Pusat Data Dan Sistem Informasi Pertanian";2014;pdf;;;;;"http://ppid.pertanian.go.id/doc/1/Buletin/Buletin Analisis Perkembangan Harga Komoditas Pertanian"
"LAPORAN BULAN OKTOBER.pdf";"BBIB Singosari";;"Balai Besar Veteriner Denpasar";2014;pdf;;;;;"http://bbvet-dps.ppid.pertanian.go.id/doc/67/LAPORAN BULAN OKTOBER.pdf"
"Buletin triwulanan ekspor impor komoditas pertanian vol.5 no.1 2013";"Pusat Data dan Sistem Informasi Pertanian";;"Pusat Data Dan Sistem Informasi Pertanian";2014;pdf;;;;;"http://ppid.pertanian.go.id/doc/1/Buletin/Buletin triwulanan ekspor impor komoditas pertanian vol.5 no.1 2013"
"Pedoman pelaksanaan program kerja dan anggaran badan ketahanan pangan 2012";"Badan Ketahanan Pangan";;"Badan Ketahanan Pangan";2014;pdf;;;;;"http://ppid.pertanian.go.id/doc/1/Pedoman/Pedoman pelaksanaan program kerja dan anggaran badan ketahanan pangan 2012"
"pedoman pelaksanaan sekolah lapang pengelolaan tanaman terpadu SL-PTT";"Badan Penelitian dan Pengembangan Pertanian";;"Badan Penelitian Dan Pengembangan Pertanian";2014;pdf;;;;;"http://ppid.pertanian.go.id/doc/1/Pedoman/pedoman pelaksanaan sekolah lapang pengelolaan tanaman terpadu SL-PTT"
"Pedoman Penguatan Komisi pengawasan pupuk dan pestisida";"Direktorat Pupuk dan Pestisida";;"Direktorat Jenderal Prasarana Dan Sarana Pertanian";2014;pdf;;;;;"http://ppid.pertanian.go.id/doc/1/Pedoman/Pedoman Penguatan Komisi pengawasan pupuk dan pestisida"
"Pedoman teknis antisipasi perubahan dampak iklim 2013";"Direktorat Jenderal Perkebunan";;"Direktorat Jenderal Perkebunan";2014;pdf;;;;;"http://ppid.pertanian.go.id/doc/1/Pedoman/Pedoman teknis antisipasi perubahan dampak iklim 2013"
"Pedoman Teknis Gerakan Nasional Kakao 2013";"Direktorat Jenderal Perkebunan";;"Direktorat Jenderal Perkebunan";2014;pdf;;;;;"http://ppid.pertanian.go.id/doc/1/Pedoman/Pedoman Teknis Gerakan Nasional Kakao 2013"
"pedoman teknis insentif pengawas 2013";"Direktorat Jenderal Perkebunan";;"Direktorat Jenderal Perkebunan";2014;pdf;;;;;"http://ppid.pertanian.go.id/doc/1/Pedoman/pedoman teknis insentif pengawas 2013"
"Media Informasi dan Komunikasi Balai";"Balai Pengawasan Mutu Pakan Ternak";;"Pusat Data Dan Sistem Informasi Pertanian";2014;pdf;;;;;"http://ppid.pertanian.go.id/doc/1/folder/Media Informasi dan Komunikasi Balai"
"Newsletter Pusdatin vol 5 no 95 2012";"Pusat Data dan Sistem Informasi Pertanian";;"Pusat Data Dan Sistem Informasi Pertanian";2014;pdf;;;;;"http://ppid.pertanian.go.id/doc/1/folder/Newsletter Pusdatin vol 5 no 95 2012"
"Newsletter Pusdatin vol 9 no 94 2012";"Pusat Data dan Sistem Informasi Pertanian";;"Pusat Data Dan Sistem Informasi Pertanian";2014;pdf;;;;;"http://ppid.pertanian.go.id/doc/1/folder/Newsletter Pusdatin vol 9 no 94 2012"
"pedoman teknis koordinasi kegiatan pengembangan tanaman rempah dan penyegar 2013";"Direktorat Jenderal Perkebunan";;"Direktorat Jenderal Perkebunan";2014;pdf;;;;;"http://ppid.pertanian.go.id/doc/1/Pedoman/pedoman teknis koordinasi kegiatan pengembangan tanaman rempah dan penyegar 2013"
"Buletin Analisa Perkembangan Harga Komoditas Pertanian Pebruari 2013.pdf";"Pusat data dan sisten informasi pertanian";;"Pusat Data Dan Sistem Informasi Pertanian";2014;pdf;;;;;"http://ppid.pertanian.go.id/doc/1/Buletin/Buletin Analisa Perkembangan Harga Komoditas Pertanian Pebruari 2013.pdf"
"Buletin Analisa Perkembagan Harga Komoditas Pertanian Juni 2011";"Pusat Data dan Sistem Informasi Pertanian";;"Pusat Data Dan Sistem Informasi Pertanian";2014;pdf;;;;;"http://ppid.pertanian.go.id/doc/1/Buletin/Buletin Analisa Perkembagan Harga Komoditas Pertanian Juni 2011.pdf"
"35 Tahun Berkarya Untuk Petani";"Pusat Sosial Ekonomi dan Kebijakan Pertanian ";;"Badan Penelitian Dan Pengembangan Pertanian";2014;pdf;;;;;"http://ppid.pertanian.go.id/doc/1/Inovasi/35 Tahun Berkarya Untuk Petani.pdf"
"Buletin Analisa Perkembangan Harga Komoditas Pertanian April 2013.pdfBuletin Analisa Perkembangan Harga Komoditas Pertanian April 2013.pdfBuletin Analisa Perkembangan Harga Komoditas Pertanian April 2013.pdfBuletin Analisa Perkembangan Harga Komoditas Pertanian April 2013.pdfBuletin Analisa Perkembangan Harga Komoditas Pertanian April 2013.pdfBuletin Analisa Perkembangan Harga Komoditas Pertanian April 2013.pdfBuletin Analisa Perkembangan Harga Komoditas Pertanian April 2013.";"Pusat data dan sistem informarmasi petertanian";;"Pusat Data Dan Sistem Informasi Pertanian";2014;pdf;;;;;"http://ppid.pertanian.go.id/doc/1/Buletin/Buletin Analisa Perkembangan Harga Komoditas Pertanian April 2013.pdf"
"Buletin analisa perkembangan harga  komoditas pertanian maret 2013  ditas pertanian maret 2013.pdf";"Pusat data dan sistem informasi pertanian";;"Pusat Data Dan Sistem Informasi Pertanian";2014;pdf;;;;;"http://ppid.pertanian.go.id/doc/1/Buletin/Buletin analisa perkembangan harga  komoditas pertanian maret 2013  ditas pertanian maret 2013.pdf"
"Alur Sertifikasi Benih Tanaman Perkebunan";"Balai Besar Pembenihan  Dan Proteksi Tanaman Perkebunan";;"Balai Besar Perbenihan Dan Proteksi Tanaman Perkebunan Surabaya";2014;pdf;;;;;"http://ppid.pertanian.go.id/doc/1/alur sertifikasi benih tanaman perkebunan.pdf"
"Aksapon SR Penekan Emisi Gas Metan";"Badan Litbang Pertanian";;"Badan Penelitian Dan Pengembangan Pertanian";2014;pdf;;;;;"http://ppid.pertanian.go.id/doc/1/aksapon SR penekan emisi gas metan.pdf"
"Aneka Olahan Rosella";"Balai Penelitian dan Pengembangan Pertanin";;"Badan Penelitian Dan Pengembangan Pertanian";2014;pdf;;;;;"http://ppid.pertanian.go.id/doc/1/Aneka Olahan Rosella.pdf"
"Aneka Olahan Pangan Lokal";"Pusat Konsumsi dan Keamanan Pangan, Badan Ketahanan Pangan";;"Badan Ketahanan Pangan";2014;pdf;;;;;"http://ppid.pertanian.go.id/doc/1/Aneka Olahan Pangan Lokal.pdf"
Apel.pdf;"Direktorat Pengembangan Usaha dan Investasi";;"Direktorat Jenderal Pengolahan Dan Pemasaran Hasil Pertanian";2014;pdf;;;;;http://ppid.pertanian.go.id/doc/1/Apel.pdf
"Alat dan Mesin Pengolah Kakao";"Direktorat Jendral Bina Sarana Pertanian Departemen Pertanian";;"Direktorat Jenderal Prasarana Dan Sarana Pertanian";2014;pdf;;;;;"http://ppid.pertanian.go.id/doc/1/Alat dan Mesin Pengolah Kakao.pdf"
"Kumpulan peraturan pupuk";;;;2014;pdf;;;;;http://ppid.pertanian.go.id/doc/1/Binder1.pdf
"aneka ulahan umbi";;;;2014;pdf;;;;;http://ppid.pertanian.go.id/doc/1/Binder1.pdf
"Bisnis Tanaman Hias 500 Ribu";"Pusat Perpusatakaan dan Penyebaran Teknologi PEertanian";;"Pusat Perpustakaan Dan Penyebaran Teknologi Pertanian (pustaka) ";2014;pdf;;;;;"http://ppid.pertanian.go.id/doc/1/bisnis tanaman hias 500rb.pdf"
"Inovasi mengantisipasi perubahan iklim untuk kemandirian pangan";;;;2014;pdf;;;;;http://ppid.pertanian.go.id/doc/1/Binder1.pdf
"metode standar pengujian efikasi insektisida";;;;2014;pdf;;;;;http://ppid.pertanian.go.id/doc/1/Binder1.pdf
"Home industri buah dan sayur";"Pusat Perpustakaan dan Penyebaran Teknologi Pertanian";;"Pusat Perpustakaan Dan Penyebaran Teknologi Pertanian (pustaka) ";2014;pdf;;;;;"http://ppid.pertanian.go.id/doc/1/home industry keripik buah sayur.pdf"
"Buah Naga Sragen";"Badan Ketahanan Pangan Prov. Jateng";;"Badan Ketahanan Pangan";2014;pdf;;;;;"http://ppid.pertanian.go.id/doc/1/buah naga sragen.pdf"
"Metode standar pengujian efikasi pestisida rumah tangga dan pengendalian vektor";;;;2014;pdf;;;;;http://ppid.pertanian.go.id/doc/1/Binder1.pdf
"Bio Aditif";"Balai Penelitian dan Pengembangan Pertanian";;"Badan Penelitian Dan Pengembangan Pertanian";2014;pdf;;;;;"http://ppid.pertanian.go.id/doc/1/bio aditif.pdf"
"Awas Penyakit Mulut Dan Kuku Muncul Kembali";"Balai Karantina Pertanian";;"Badan Karantina Pertanian";2014;pdf;;;;;"http://ppid.pertanian.go.id/doc/1/Awas Penyakit Mulut dan Kuku Muncul Kembali.pdf"
"Bahan Regulasi";;;;2014;pdf;;;;;http://ppid.pertanian.go.id/doc/1/Binder1.pdf
"Budidaya Anggrek Phalaenopsis";"Balai Penelitian Tanaman Hias";;"Badan Penelitian Dan Pengembangan Pertanian";2014;pdf;;;;;"http://ppid.pertanian.go.id/doc/1/Budidaya Anggrek Phalaenopsis.pdf"
"Budidaya Anggrek Dendrobium";"Balai Penelitian Tanaman Hias";;"Badan Penelitian Dan Pengembangan Pertanian";2014;pdf;;;;;"http://ppid.pertanian.go.id/doc/1/Budidaya Anggrek Dendrobium.pdf"
"Buah Sayurann Aman Kosumsi";"Badan Ketahanan Pangan Provinsi Sulawesi Selatan";;"Badan Ketahanan Pangan";2014;pdf;;;;;"http://ppid.pertanian.go.id/doc/1/buah sayuran aman konsumsi.pdf"
"Briket Arang Limbah Sekam Padi";"Pusah Pertpustakaan dan Penyebaran Teknologi Pertanian";;"Pusat Perpustakaan Dan Penyebaran Teknologi Pertanian (pustaka) ";2014;pdf;;;;;"http://ppid.pertanian.go.id/doc/1/briket arang limbah sekam padi.pdf"
"hay sebagai pakan ternak di musim kemarau ";"Direktorat Jenderal Peternakan dan Kesehatan Hewan";;"Direktorat Jenderal Peternakan Dan Kesehatan Hewan";2014;pdf;;;;;"http://ppid.pertanian.go.id/doc/1/Hay_Pakan Ternak.pdf"
"Budidaya Jahe";"Badan Penelitian dan Pengembangan Pertanian";;"Badan Penelitian Dan Pengembangan Pertanian";2014;pdf;;;;;"http://ppid.pertanian.go.id/doc/1/Budi Daya Jahe.pdf"
"instalasi biogas skala rumah tangga ";"Pusat Perpustakaan dan Penyebaran Teknologi Pertanian";;"Pusat Perpustakaan Dan Penyebaran Teknologi Pertanian (pustaka) ";2014;pdf;;;;;"http://ppid.pertanian.go.id/doc/1/instalasi biogas skala rumah tangga.pdf"
"Ayam KUB 2";"Balai Penelitian Ternak";;"Badan Penelitian Dan Pengembangan Pertanian";2014;pdf;;;;;"http://ppid.pertanian.go.id/doc/1/Ayam KUB 2.pdf"
"e-form peternakan";"Pust Data dan Sistem Informasi Pertanian";;"Pusat Data Dan Sistem Informasi Pertanian";2014;pdf;;;;;"http://ppid.pertanian.go.id/doc/1/e-form peternakan.pdf"
"Itik MA pendatang baru penghasil telur";"Badan Penelitian dan Pengamatan Pertanian";;"Badan Penelitian Dan Pengembangan Pertanian";2014;pdf;;;;;"http://ppid.pertanian.go.id/doc/1/Itik MA.pdf"
"Asuransi Usaha Tani Padi";"Sekretariat Direktorat Jendral Prasarana dan Sarana Pertanian";;"Sekretariat Direktorat Jenderal";2014;pdf;;;;;"http://ppid.pertanian.go.id/doc/1/asuransi usaha tani padi.pdf"
"Itik serati";"Badan Penelitian dan Pengembangan Pertanian";;"Badan Penelitian Dan Pengembangan Pertanian";2014;pdf;;;;;"http://ppid.pertanian.go.id/doc/1/Itik Serati.pdf"
"Budidaya Ayam Buras";"Balai Pengkajian Teknologi Pertanian Riau";;"Badan Penelitian Dan Pengembangan Pertanian";2014;pdf;;;;;"http://ppid.pertanian.go.id/doc/1/Budidaya Ayam Buras.pdf"
"Budidaya Aren";"Direktorat Jendral Perkebunan";;"Direktorat Jenderal Perkebunan";2014;pdf;;;;;"http://ppid.pertanian.go.id/doc/1/Budidaya Aren.pdf"
"Itik PMp bibit itik pedaging unggulan lokal ";"Badan Penelitian dan Pengembangan Pertanian";;"Badan Penelitian Dan Pengembangan Pertanian";2014;pdf;;;;;"http://ppid.pertanian.go.id/doc/1/Itik PMP.pdf"
"Budidaya Bawang Daun Tunggal";"Direktorat Budidaya Tanaman Sayuran dan Biofarmaka";;"Direktorat Jenderal Hortikultura";2014;pdf;;;;;"http://ppid.pertanian.go.id/doc/1/Budidaya Bawang Daun Tunggal_SOP.pdf"
"Ayam KUB";"Balai Penelitian Ternak";;"Badan Penelitian Dan Pengembangan Pertanian";2014;pdf;;;;;"http://ppid.pertanian.go.id/doc/1/Ayam KUB.pdf"
"Bantuan Alat Mesin Pertanian";"Sekretarian Direktorat Jendral Prasana dan Sarana Pertanian";;"Sekretariat Direktorat Jenderal";2014;pdf;;;;;"http://ppid.pertanian.go.id/doc/1/Bantuan Alat Mesin Pertanian.pdf"
"itik master bibit niaga petelur unggul";"Badan Penelitian dan Pengembangan Pertanian";;"Badan Penelitian Dan Pengembangan Pertanian";2014;pdf;;;;;"http://ppid.pertanian.go.id/doc/1/Itik Master.pdf"
Belimbing;"Direktorat Pengembangan Usaha dan Investasi";;"Direktorat Pengembangan Usaha Dan Investasi";2014;pdf;;;;;http://ppid.pertanian.go.id/doc/1/Belimbing.pdf
"Itik master bibit niaga petelur unggul";"Badan Penelitian dan Pengembangan Pertanian";;"Badan Penelitian Dan Pengembangan Pertanian";2014;pdf;;;;;"http://ppid.pertanian.go.id/doc/1/itik master (2).pdf"
"Bahaya Cemaran Kimia dalam Buah dan Sayur Impor";"Balai Karantina Pertanian";;"Badan Karantina Pertanian";2014;pdf;;;;;"http://ppid.pertanian.go.id/doc/1/Bahaya Cemaran Kimia dalam Buah dan Sayur Impor.pdf"
"Budidaya Kubis";"Direktorat Jenderal Hortikular";;"Direktorat Jenderal Hortikultura";2014;pdf;;;;;"http://ppid.pertanian.go.id/doc/1/Budidaya Kubis_SOP.pdf"
"Budidaya Pala";"Direktorat Jenderal Perkebunan";;"Direktorat Jenderal Perkebunan";2014;pdf;;;;;"http://ppid.pertanian.go.id/doc/1/Budidaya Pala.pdf"
"cultivation of jatropha curcas L";"Agency for Agricultura Research and Development";;"Badan Penelitian Dan Pengembangan Pertanian";2014;pdf;;;;;"http://ppid.pertanian.go.id/doc/1/Jatropha curcas.pdf"
"Budidaya Mawar Potong";"Badan Penelitian dan Pengembangan Pertanian";;"Badan Penelitian Dan Pengembangan Pertanian";2014;pdf;;;;;"http://ppid.pertanian.go.id/doc/1/Budidaya Mawar Potong.pdf"
"Budidaya Krisan Bunga Potong";"Badan Penelitian dan Pengembangan Pertanian";;"Badan Penelitian Dan Pengembangan Pertanian";2014;pdf;;;;;"http://ppid.pertanian.go.id/doc/1/Budidaya Krisan Bunga Potong.pdf"
"Budidaya Kenaf di Plosok Kalimantan Timur";"Badan Penelitian Perkmbangan dan Pertanian";;"Badan Penelitian Dan Pengembangan Pertanian";2014;pdf;;;;;"http://ppid.pertanian.go.id/doc/1/budidaya kenaf di lahan podsolik kaltim.pdf"
"Budidaya Kemiri";"Direktorak Jenderal Perkebunan";;"Direktorat Jenderal Perkebunan";2014;pdf;;;;;"http://ppid.pertanian.go.id/doc/1/Budidaya Kemiri.pdf"
"Budidaya Jagung";"Direktorat Jendral Tanaman Pangan";;"Direktorat Jenderal Tanaman Pangan";2014;pdf;;;;;"http://ppid.pertanian.go.id/doc/1/budidaya jagung.pdf"
"Budidaya Jarak Pagar";"Direktorat Jendral Perkebunan";;"Direktorat Jenderal Perkebunan";2014;pdf;;;;;"http://ppid.pertanian.go.id/doc/1/Budidaya Jarak Pagar.pdf"
"Budidaya Umbi Umbian lain";"Direktorat Jendral Tanaman Pangan";;"Direktorat Jenderal Tanaman Pangan";2014;pdf;;;;;"http://ppid.pertanian.go.id/doc/1/budidaya umbi-umbian lain.pdf"
"Budidaya Lili";"Balai Penelitian Tanaman Hias";;"Badan Penelitian Dan Pengembangan Pertanian";2014;pdf;;;;;"http://ppid.pertanian.go.id/doc/1/Budidaya Lili.pdf"
"Budidaya Kedelai";"Direktorat Jenderal Tanaman Pangan";;"Direktorat Jenderal Tanaman Pangan";2014;pdf;;;;;"http://ppid.pertanian.go.id/doc/1/budidaya kedelai.pdf"
"Jambu air prima 3";"Badan Ketahanan Pangan";;"Badan Ketahanan Pangan";2014;pdf;;;;;"http://ppid.pertanian.go.id/doc/1/jambu air demak.pdf"
"tata cara permohonan izin pemasukan dan pengeluaran benih dan sumber gaya genetik tanaman ";"Pusat Perlindungan Varietas dan Perizinan Pertanian";;"Pusat Perlindungan Varietas Tanaman Dan Perizinan Pertanian";2014;pdf;;;;;"http://ppid.pertanian.go.id/doc/1/izin masuk keluar benih SDG tanaman.pdf"
"Budidaya Sorgum";"Direktorat Jenderal Tanaman Pasangan";;"Direktorat Jenderal Tanaman Pangan";2014;pdf;;;;;"http://ppid.pertanian.go.id/doc/1/budidaya sorgum.pdf"
"jeruk besar pangkep ";"Badan Ketahanan Pangan";;"Badan Ketahanan Pangan";2014;pdf;;;;;"http://ppid.pertanian.go.id/doc/1/jeruk besar pangkep.pdf"
"pengolahan buah semu jambu mete jadi sari buah";"Badan Penelitian dan Pengembangan Pertanian";;"Badan Penelitian Dan Pengembangan Pertanian";2014;pdf;;;;;"http://ppid.pertanian.go.id/doc/1/Jambu Mete Saribuah.pdf"
"Budidaya Pinang";"Direktorat Jenderal Perkebunan";;"Direktorat Jenderal Perkebunan";2014;pdf;;;;;"http://ppid.pertanian.go.id/doc/1/Budidaya Pinang.pdf"
"Budidaya Nilam";"Direktorat Jendral Perkebunan";;"Direktorat Jenderal Perkebunan";2014;pdf;;;;;"http://ppid.pertanian.go.id/doc/1/Budidaya Nilam.pdf"
"Budidaya Padi Teknologi Salibu";"Badan Penelitian dan Pengembangan Pertanian";;"Badan Penelitian Dan Pengembangan Pertanian";2014;pdf;;;;;"http://ppid.pertanian.go.id/doc/1/budidaya padi teknologi salibu.pdf"
"Budidaya Mentha";"Direktorat Jenderal Perkebunan";;"Direktorat Jenderal Perkebunan";2014;pdf;;;;;"http://ppid.pertanian.go.id/doc/1/budidaya mentha.pdf"
"Budidaya Tanaman Sawi";"Badan Penelitian dan Pengembangan Pertanian";;"Badan Penelitian Dan Pengembangan Pertanian";2014;pdf;;;;;"http://ppid.pertanian.go.id/doc/1/Budidaya Tanaman Sawi.pdf"
"KBR kebun bibit rakyat ";"Kementrian kehutanan";;"Direktorat Pengelolaan Air Irigasi";2014;pdf;;;;;"http://ppid.pertanian.go.id/doc/1/Kebun Bibit Kayu Hutan.pdf"
"Budidaya Sedap Malam";"Badan Penelitian dan Pengembangan Pertanian";;"Badan Penelitian Dan Pengembangan Pertanian";2014;pdf;;;;;"http://ppid.pertanian.go.id/doc/1/Budidaya Sedap Malam.pdf"
"Budidaya Vanili";"Direktorat Jenderal Perkebunan";;"Direktorat Jenderal Perkebunan";2014;pdf;;;;;"http://ppid.pertanian.go.id/doc/1/Budidaya Vanili.pdf"
"rehabilitasi jaring an irigasi tingkat usaha tani /jaringan irigasi desa";"Direktorat Jenderal Prasarana dan Sarana Pertanian";;"Direktorat Jenderal Prasarana Dan Sarana Pertanian";2014;pdf;;;;;"http://ppid.pertanian.go.id/doc/1/JITUT JIDES.pdf"
"Cabe Merah Kriting";"Badan Ketahanan Pangan";;"Badan Ketahanan Pangan";2014;pdf;;;;;"http://ppid.pertanian.go.id/doc/1/cabe merah keriting.pdf"
"Budidaya Kina";"Direktorat Jenderal Perkebunan";;"Direktorat Jenderal Perkebunan";2014;pdf;;;;;"http://ppid.pertanian.go.id/doc/1/Budidaya Kina.pdf"
"kambing peranaka etawa";"Balai penelitian ternak";;"Badan Penelitian Dan Pengembangan Pertanian";2014;pdf;;;;;"http://ppid.pertanian.go.id/doc/1/Kambing Peranakan Etawah.pdf"
"Budidaya Bawang Merah Di Luar Musim";"Badan Penelitian dan Pengembangan Pertanian";;"Badan Penelitian Dan Pengembangan Pertanian";2014;pdf;;;;;"http://ppid.pertanian.go.id/doc/1/budidaya bawang merah di luar musim.pdf"
"anda termasuk insan yang peduli terhadap kelestarian sumber daya alam  hayati dan hewani";"Karantina pertanian benteng perlindungan sumber daya alam hayati dan hewani";;"Pusat Karantina Hewan Dan Keamanan Hayati Hewani";2014;pdf;;;;;"http://ppid.pertanian.go.id/doc/1/Karantina Pertanian.pdf"
"Budidaya Gambir";"Direktorat Jendral Perkebunan";;"Direktorat Jenderal Perkebunan";2014;pdf;;;;;"http://ppid.pertanian.go.id/doc/1/Budidaya Gambir.pdf"
"Budidaya Gladiol";"Badan Penelitian dan Perkembangan Pertanian";;"Badan Penelitian Dan Pengembangan Pertanian";2014;pdf;;;;;"http://ppid.pertanian.go.id/doc/1/Budidaya Gladiol.pdf"
"petunjuk gejala kekurangan hara tanaman jagung";"Badan penelitian dan pengembangan pertanian";;"Badan Penelitian Dan Pengembangan Pertanian";2014;pdf;;;;;"http://ppid.pertanian.go.id/doc/1/kekurangan hara tanaman jagung.pdf"
"Kemiri Sunan";"KEmentrian pertanian badan penelitian dan pengembangan pertanian ";;"Badan Penelitian Dan Pengembangan Pertanian";2014;pdf;;;;;"http://ppid.pertanian.go.id/doc/1/kemiri sunan.pdf"
"Lembaga Keuangan Mikro Agribisnis (LKM-A)";"Balai pengkajian teknologi pertanian";;"Balai Besar Pengkajian Dan Pengembangan Teknologi Pertanian";2014;pdf;;;;;"http://ppid.pertanian.go.id/doc/1/Lembaga Keuangan Mikro Agribisnis (LKM-A).pdf"
"kelengkeng prima 3";"Badan ketahanan pangan";;"Badan Ketahanan Pangan";2014;pdf;;;;;"http://ppid.pertanian.go.id/doc/1/kelengkeng kendal.pdf"
"Lindungi Kualitas Ekspor si Emas Hijau";"Badan karantina pertanian kementrian pertani ";;"Badan Karantina Pertanian";2014;pdf;;;;;"http://ppid.pertanian.go.id/doc/1/Lindungi Kualitas Ekspor si Emas Hijau Vanili.pdf"
kelinci;"Badan penelitian ternak";;"Badan Penelitian Dan Pengembangan Pertanian";2014;pdf;;;;;http://ppid.pertanian.go.id/doc/1/Kelinci.pdf
"KBR kebun bibit rakyat";"Kementrian kehutanan";;"Direktorat Pengelolaan Air Irigasi";2014;pdf;;;;;"http://ppid.pertanian.go.id/doc/1/Kebun Bibit Rakyat.pdf"
Delima;"Direktorat Pengembangan Usaha dan Investasi";;"Direktorat Pengembangan Usaha Dan Investasi";2014;pdf;;;;;http://ppid.pertanian.go.id/doc/1/Delima.pdf
"Comin Block 2";"Badan Penelitian dan Pengembangan Pertanian";;"Badan Penelitian Dan Pengembangan Pertanian";2014;pdf;;;;;"http://ppid.pertanian.go.id/doc/1/commin block.pdf"
"Kontribusi Pertanian Terhadap Perekonomian Nasional";"Biro hukum dan informasi publik";;"Biro Hubungan Masyarakat dan Informasi Publik";2014;pdf;;;;;http://ppid.pertanian.go.id/doc/1/Kontribusi.pdf
Cocodiesel;"Badan Penelitian dan Pengembangan Pertanian";;"Badan Penelitian Dan Pengembangan Pertanian";2014;pdf;;;;;http://ppid.pertanian.go.id/doc/1/cocodiesel.pdf
"Cuka Kayu";"Badan Penelitian dan Pengembangan Kehutanan";;"Badan Penelitian Dan Pengembangan Pertanian";2014;pdf;;;;;"http://ppid.pertanian.go.id/doc/1/Cuka Kayu.pdf"
"KBR kebun bibit rakyat ";"Kementrian kehutanan";;"Direktorat Pengelolaan Air Irigasi";2014;pdf;;;;;"http://ppid.pertanian.go.id/doc/1/kebun bibit rakyat_KBR.pdf"
"Laboratorium Pakan Ternak";"Unit pembibitan ternak dan pakan ternak";;"Direktorat Pakan Ternak";2014;pdf;;;;;"http://ppid.pertanian.go.id/doc/1/Laboratorium Pakan Ternak.pdf"
"Lembaga Sertifikasi Produk Pakan Ternak";"Direktorat pakan ternak";;"Direktorat Jenderal Peternakan Dan Kesehatan Hewan";2014;pdf;;;;;"http://ppid.pertanian.go.id/doc/1/lembaga sertifiksi produk pakan ternak.pdf"
"Dendeng Sayat Daging Sapi";"Balai Besar Pengkajian Teknologi Pertanian";;"Balai Besar Pengkajian Dan Pengembangan Teknologi Pertanian";2014;pdf;;;;;"http://ppid.pertanian.go.id/doc/1/Dendeng Sayat Daging Sapi.pdf"
"Kompos Untung Mengembalikan Kesuburan Tanah";"Direktorat pertanian prasarana dan sarana pertanian";;"Direktorat Jenderal Prasarana Dan Sarana Pertanian";2014;pdf;;;;;http://ppid.pertanian.go.id/doc/1/kompos.pdf
"LC31 Varietas Kapuk Hibrida Unggul Baru";"Balai penelitian pengembangan pertanian";;"Badan Penelitian Dan Pengembangan Pertanian";2014;pdf;;;;;"http://ppid.pertanian.go.id/doc/1/LC31 Varietas Kapuk Hibrida.pdf"
"Laboratorium Pakan Ternak";"Dinas pertenakan dan kesehatan hewan";;"Direktorat Pakan Ternak";2014;pdf;;;;;"http://ppid.pertanian.go.id/doc/1/Lab Pakan Ternak.pdf"
"Pelayanan Publik";"Balai besar inseminasi Buatan singosari";;"Biro Hubungan Masyarakat dan Informasi Publik";2014;pdf;;;;;"http://ppid.pertanian.go.id/doc/1/Layanan Publik BIB Singosari.pdf"
"e-Form Hortikultura";"Pusat Data dan Sistem Informasi Pertanian";;"Pusat Data Dan Sistem Informasi Pertanian";2014;pdf;;;;;"http://ppid.pertanian.go.id/doc/1/e-form hortikultura.pdf"
"Pengembangan Kawasan Rumah Pangan Lestari";"Badan litbang pertanian";;"Badan Penelitian Dan Pengembangan Pertanian";2014;pdf;;;;;http://ppid.pertanian.go.id/doc/1/KRPL.pdf
"Dendeng Jantung Pisan";"Badan Penelitian dan Pengamatan Pertanian";;"Badan Penelitian Dan Pengembangan Pertanian";2014;pdf;;;;;"http://ppid.pertanian.go.id/doc/1/dendeng jantung pisang.pdf"
"Leguminosa Herba";"Balai penelitian ternak";;"Balai Besar Penelitian Bioteknologi Dan Sumberdaya Genetik";2014;pdf;;;;;"http://ppid.pertanian.go.id/doc/1/Leguminosa Herba.pdf"
"Cara Tanam Padi Jajar Legowo";"Balai Pengkajian Teknologi Tanaman";;"Badan Penelitian Dan Pengembangan Pertanian";2014;pdf;;;;;"http://ppid.pertanian.go.id/doc/1/Cara Tanam Padi Jajar Legowo.pdf"
"Closvak Multi Anti Penyakit Enterotoksima";"Badan Penelitian dan Pengembanyak Pertanian";;"Badan Penelitian Dan Pengembangan Pertanian";2014;pdf;;;;;"http://ppid.pertanian.go.id/doc/1/closvak multi anti penyakit enterotoksima.pdf"
"Comin Block";"Badan Penelitian dan Pengembangan Pertanian";;"Badan Penelitian Dan Pengembangan Pertanian";2014;pdf;;;;;"http://ppid.pertanian.go.id/doc/1/Comin Block.pdf"
Mangga;"Direktorat Pengembangan Usaha dan Investasi";;"Direktorat Jenderal Pengolahan Dan Pemasaran Hasil Pertanian";2014;pdf;;;;;http://ppid.pertanian.go.id/doc/1/Mangga.pdf
"Makadamia Unggul Harapan";"Balai penelitian tanaman rempah dan aneka tanaman idustri";;"Balai Besar Penelitian Dan Pengembangan Pasca Panen Pertanian";2014;pdf;;;;;http://ppid.pertanian.go.id/doc/1/Macadamia.pdf
"Mangga Arum Manis";"Badan Ketahanan Pangan Prov Jateng";;"Badan Ketahanan Pangan";2014;pdf;;;;;"http://ppid.pertanian.go.id/doc/1/mangga arum manis pemalang.pdf"
"Mangga Harum Manis";"Badan Ketahanan Pangan Prov Sulsel";;"Badan Ketahanan Pangan";2014;pdf;;;;;"http://ppid.pertanian.go.id/doc/1/mangga harum manis.pdf"
"Cara Pengambilan Contoh Pupuk Organik";"Balai Besar Pengkajian Teknologi Pertanian";;"Balai Besar Pengkajian Dan Pengembangan Teknologi Pertanian";2014;pdf;;;;;"http://ppid.pertanian.go.id/doc/1/Cara Pengambilan Contoh Pupuk Organik.pdf"
"sukseskan OBIT";"Kementrian kehutanan direktotar jenderal bina pengelolaan das dan kehutanan sosial";;"Direktorat Perluasan Dan Pengelolaan Lahan";2014;pdf;;;;;"http://ppid.pertanian.go.id/doc/1/One Billion Trees.pdf"
"Mesin pengolahan pure/juice dan sari buah ";"Badan pertanian dan pengembangan pertanian";;"Badan Penelitian Dan Pengembangan Pertanian";2014;pdf;;;;;"http://ppid.pertanian.go.id/doc/1/Mesin Pengolah Pure Juice dan Sari Buah.pdf"
"menanam cabe merah ";"Balai pengkajian  teknilogi pertanian riau";;"Balai Besar Pengkajian Dan Pengembangan Teknologi Pertanian";2014;pdf;;;;;"http://ppid.pertanian.go.id/doc/1/Menanam Cabe Merah.pdf"
"Labu kuning";"Badan ketahanan pangan kabupaten sidoarjo";;"Badan Ketahanan Pangan";2014;pdf;;;;;"http://ppid.pertanian.go.id/doc/1/Olahan Pangan Labu Kuning.pdf"
"Mesin pemanen padi";"balai besar pengembangan mekanisme pertanian indonesia";;"Balai Besar Pengembangan Mekanisasi Pertanian";2014;pdf;;;;;"http://ppid.pertanian.go.id/doc/1/Mesin Pemanen Padi_Paddy Mower.pdf"
"pemanfaatan cendawa mikoriza arbuskula untuk memacu pertumbuhan bibit manggis";"Pusat penelitian dan pengembangan hortikultura";;"Badan Penelitian Dan Pengembangan Pertanian";2014;pdf;;;;;"http://ppid.pertanian.go.id/doc/1/Pemanfaatan Cendawan Mikoriza Arbuskula Bibit Manggis.pdf"
"OPTK organisasi pengangu tanaman karantina";"Balai karantina pertanian kelas1 pekanbaru";;"Badan Karantina Pertanian";2014;pdf;;;;;"http://ppid.pertanian.go.id/doc/1/Organisme Pengganggu Tanaman Karantina Tanaman Kelapa Sawit.pdf"
"Musnahkan rabies";"Kementrian pertanian";;"Pusat Karantina Hewan Dan Keamanan Hayati Hewani";2014;pdf;;;;;"http://ppid.pertanian.go.id/doc/1/Musnahkan Rabies.pdf"
"manggis primadona ekspor buah indonesia";"perlindungan dan akselerasi ekspor komoditas pertanian";;"Badan Karantina Pertanian";2014;pdf;;;;;"http://ppid.pertanian.go.id/doc/1/Manggis Primadona Ekspor Buah Indonesia.pdf"
"Menanam sayur di pekarangan";"departemen pertanian direktotar jenderal holtikutular";;"Direktorat Jenderal Hortikultura";2014;pdf;;;;;"http://ppid.pertanian.go.id/doc/1/Menanam Sayur di Pekarangan.pdf"
"Peluang dan prospek budidaya kelinci eksotis";"Balai karantina pertanian kelas II yogyakarta";;"Badan Penelitian Dan Pengembangan Pertanian";2014;pdf;;;;;"http://ppid.pertanian.go.id/doc/1/Peluang dan Prospek Budidaya Kelinci Eksotis.pdf"
"Packing house (bangsal pasca panen)";"Kementrian pertanian direktorat jenderal holtikutular";;"Direktorat Jenderal Hortikultura";2014;pdf;;;;;"http://ppid.pertanian.go.id/doc/1/packing house_bangsal pascapanen.pdf"
"model pertanian perkotaan";"balai besar pengkajian dan pengembangan teknologi pertanian";;"Direktorat Perluasan Dan Pengelolaan Lahan";2014;pdf;;;;;"http://ppid.pertanian.go.id/doc/1/model pertanian perkotaan.pdf"
"Optimalisasi pembanyakan benih pisang secara konvesional";"balai penelitian tanaman buah tropika";;"Badan Penelitian Dan Pengembangan Pertanian";2014;pdf;;;;;"http://ppid.pertanian.go.id/doc/1/optimalisasi perbanyakan benih pisang.pdf"
"quarantine inspection";"Balai karantina pertanian kelas II yogyakarta";;"Badan Karantina Pertanian";2014;pdf;;;;;"http://ppid.pertanian.go.id/doc/1/Pelayanan Karantina Pertanian.pdf"
"Pilihlah pangan aman,beragam,bergizi dan berimbang sesuai spesifik daerah";"Badan ketahanan kabupaten sidoarjo";;"Badan Ketahanan Pangan";2014;pdf;;;;;"http://ppid.pertanian.go.id/doc/1/Pilihlah pangan aman,beragam,bergizi dan berimbang sesuai spesifik daerah"
"Nimba (azadirachta indica)";"Badan penelitian dan pengembangan pertanian ";;"Badan Penelitian Dan Pengembangan Pertanian";2014;pdf;;;;;"http://ppid.pertanian.go.id/doc/1/Nimba Sebagai Pestisida Nabati.pdf"
"Menanam padi sawah di lahan pasang surut";"Balai pengkajian  teknilogi pertanian riau";;"Balai Pengkajian Mutu Alat Mesin Pertanian";2014;pdf;;;;;"http://ppid.pertanian.go.id/doc/1/Menanam Padi Sawah di Lahan Pasang Surut.pdf"
"Pakan murah berkualitas";"Balai peneliti ternak";;"Balai Besar Penelitian Bioteknologi Dan Sumberdaya Genetik";2014;pdf;;;;;"http://ppid.pertanian.go.id/doc/1/Pakan Murah Berkualitas.pdf"
"Pemanfaatan limbah kulit buah kakao untuk pakan ternak";"Badan penelitian dan pengembangan pertanian";;"Badan Penelitian Dan Pengembangan Pertanian";2014;pdf;;;;;"http://ppid.pertanian.go.id/doc/1/Pemanfaatan Limbah Kakao.pdf"
"Produk minyak goreng sehat dan brown sugar";"Dinas perkebunan provinsi kalimantan barat";;"Direktorat Jenderal Perkebunan";2014;pdf;;;;;"http://ppid.pertanian.go.id/doc/1/Minyak Kelapa_Brown Sugar.pdf"
"LAKIP 2014_040215.pdf";;;"Balai Besar Inseminasi Buatan Singosari";2015;pdf;;;;;"http://bbibsingosari.ppid.go.id/doc/58/Lakip/LAKIP 2014_040215.pdf"
"Laporan Tahunan PPID Utama Kementan 2014";"Biro Hukum d Inforrmasi Publik";;"Biro Hubungan Masyarakat dan Informasi Publik";2015;pdf;;;;;"http://ppid.pertanian.go.id/doc/1/Laporan Tahunan PPID/Laporan Tahunan PPID Utama Kementan 2014.pdf"
Laporan_Tahunan_PPID_Utama_Kementan_Revisi;;;"Biro Hubungan Masyarakat dan Informasi Publik";2014;pdf;;;;;"http://ppid.pertanian.go.id/doc/1/Laporan Tahunan PPID/Laporan_Tahunan_PPID_Utama_Kementan_Revisi.pdf"
"Laporan Tahunan PPID Utama Kementan 2013.pdf";"Biro Hukum dan Informasi Publik";;"Biro Hubungan Masyarakat dan Informasi Publik";2015;pdf;;;;;"http://ppid.pertanian.go.id/doc/1/Laporan Tahunan PPID/Laporan Tahunan PPID Utama Kementan 2013.pdf"
"Laporan Tahunan PPID Utama Kementan 2014.pdf";"Biro Hukum dan Informasi Publik";;"Biro Hubungan Masyarakat dan Informasi Publik";2015;pdf;;;;;"http://ppid.pertanian.go.id/doc/1/Laporan Tahunan PPID/Laporan Tahunan PPID Utama Kementan 2014.pdf"
"Permentan Nomor 03-2015 Pedoman Upaya Khusu (UPSUSU) Pajale";"Sekretariat Jenderal";;"Sekretariat Jenderal";2015;pdf;;;;;"http://ppid.pertanian.go.id/doc/1/Peraturan Menteri/Permentan Nomor 03-2015 Pedoman Upaya Khusu (UPSUSU) Pajale.pdf"
"SURAT KEPUTUSAN DAFTAR IP YG DIKUASAI KEMENTAN Thn 2012";;;"Biro Hubungan Masyarakat dan Informasi Publik";2013;pdf;;;;;"http://ppid.pertanian.go.id/doc/1/Informasi Publik yang Dikuasai Thn 2012/SURAT KEPUTUSAN DAFTAR IP YG DIKUASAI KEMENTAN_2012.pdf"
"SURAT KEPUTUSAN DAFTAR IP YG DIKUASAI KEMENTAN Thn 2013";;;"Biro Hubungan Masyarakat dan Informasi Publik";2014;pdf;;;;;"http://ppid.pertanian.go.id/doc/1/Informasi Publik yang Dikuasai Thn 2013/Daftar Informasi Publik yang Dikuasai Thn 2013.pdf"
"Form 1A_Permohonan_IP_Perorangan";;;"Biro Hubungan Masyarakat dan Informasi Publik";2013;pdf;;;;;"http://ppid.pertanian.go.id/doc/1/Form PPID/F-1A-Permohonan_IP_Perorangan.pdf"
"SURAT KEPUTUSAN KEPALA BIRO HUKUM DAN INFORMASI PUBLIK Thn 2011";;;"Biro Hubungan Masyarakat dan Informasi Publik";2013;pdf;;;;;"http://ppid.pertanian.go.id/doc/1/Informasi Publik yang Dikuasai Thn 2011/SURAT KEPUTUSAN KEPALA BIRO HUKUM DAN INFORMASI PUBLIK_2011.pdf"
"KEMENPU_Implementasi KIP.pdf";;;"Biro Hubungan Masyarakat dan Informasi Publik";2015;pdf;;;;;"http://ppid.pertanian.go.id/doc/1/BIMTEK CICO/KEMENPU_Implementasi KIP.pdf"
"KemenKeu_Materi PPID Lumire_rev.pdf";;;"Biro Hubungan Masyarakat dan Informasi Publik";2015;pdf;;;;;"http://ppid.pertanian.go.id/doc/1/BIMTEK CICO/KemenKeu_Materi PPID Lumire_rev.pdf"
"P Karo_Peran Strategis PPID dan Jabfung.pdf";;;"Biro Hubungan Masyarakat dan Informasi Publik";2015;pdf;;;;;"http://ppid.pertanian.go.id/doc/1/BIMTEK CICO/P Karo_Peran Strategis PPID dan Jabfung.pdf"
"Kabag PIP_Silayan On Line.pdf";;;"Biro Hubungan Masyarakat dan Informasi Publik";2015;pdf;;;;;"http://ppid.pertanian.go.id/doc/1/BIMTEK CICO/Kabag PIP_Silayan On Line.pdf"
"Tim Pengembang_SIP Kementan.pdf";;;"Biro Hubungan Masyarakat dan Informasi Publik";2015;pdf;;;;;"http://ppid.pertanian.go.id/doc/1/BIMTEK CICO/Tim Pengembang_SIP Kementan.pdf"
"Panduan Petugas Silayan.pdf";;;"Biro Hubungan Masyarakat dan Informasi Publik";2015;pdf;;;;;"http://ppid.pertanian.go.id/doc/1/BIMTEK SempurPark/Panduan Petugas Silayan.pdf"
"Pemeringkatan KIP Nasional 2014.pdf";;;"Biro Hubungan Masyarakat dan Informasi Publik";2015;pdf;;;;;"http://ppid.pertanian.go.id/doc/1/BIMTEK SempurPark/Pemeringkatan KIP Nasional 2014.pdf"
"Penilaian KIP UKUPT Kementan_Kabag PIP.pdf";;;"Biro Hubungan Masyarakat dan Informasi Publik";2015;pdf;;;;;"http://ppid.pertanian.go.id/doc/1/BIMTEK SempurPark/Penilaian KIP UKUPT Kementan_Kabag PIP.pdf"
"Best Practise Layanan IP_KEMENPERIN_rev-2.pdf";;;"Biro Hubungan Masyarakat dan Informasi Publik";2015;pdf;;;;;"http://ppid.pertanian.go.id/doc/1/BIMTEK SempurPark/Best Practise Layanan IP_KEMENPERIN_rev-2.pdf"
"Kebijakan dan Implementasi KIP_ Karo BHIP.pdf";;;"Biro Hubungan Masyarakat dan Informasi Publik";2015;pdf;;;;;"http://ppid.pertanian.go.id/doc/1/BIMTEK SempurPark/Kebijakan dan Implementasi KIP_ Karo BHIP.pdf"
"Kep. Sekretariat Jenderal Penunjukan PPID Pembantu Pelaksana.pdf";;;"Sekretariat Jenderal";2015;pdf;;;;;"http://ppid.pertanian.go.id/doc/1/Keputusan Menteri/Kep. Sekretariat Jenderal Penunjukan PPID Pembantu Pelaksana.pdf"
"Lampiran 1. Peraturan Komisi Informasi Nomor 2 Thn 2010";;;"Biro Hubungan Masyarakat dan Informasi Publik";2013;pdf;;;;;"http://ppid.pertanian.go.id/doc/1/Peraturan Menteri/Lampiran 1. Peraturan Komisi Informasi Nomor 2 Thn 2010.pdf"
"Lampiran 1. Peraturan Komosi Informasi Nomor 1 Thn 2010";;;"Biro Hubungan Masyarakat dan Informasi Publik";2013;pdf;;;;;"http://ppid.pertanian.go.id/doc/1/Peraturan Menteri/Lampiran 1. Peraturan Komosi Informasi Nomor 1 Thn 2010.pdf"
"H1-N1-Komisioner KI.pdf";;;"Biro Hubungan Masyarakat dan Informasi Publik";2015;pdf;;;;;"http://ppid.pertanian.go.id/doc/1/Bahan Raker PPID 2015/H1-N1-Komisioner KI.pdf"
"Buku Panduan Raker PPID Kementan 2015.pdf";;;"Biro Hubungan Masyarakat dan Informasi Publik";2015;pdf;;;;;"http://ppid.pertanian.go.id/doc/1/Bahan Raker PPID 2015/Buku Panduan Raker PPID Kementan 2015.pdf"
"H1-N2-Karo HIP.pdf";;;"Biro Hubungan Masyarakat dan Informasi Publik";2015;pdf;;;;;"http://ppid.pertanian.go.id/doc/1/Bahan Raker PPID 2015/H1-N2-Karo HIP.pdf"
"H1-N3-Menpan RB.pdf";;;"Biro Hubungan Masyarakat dan Informasi Publik";2015;pdf;;;;;"http://ppid.pertanian.go.id/doc/1/Bahan Raker PPID 2015/H1-N3-Menpan RB.pdf"
H1-N4-KemenKeu.pdf;;;"Biro Hubungan Masyarakat dan Informasi Publik";2015;pdf;;;;;"http://ppid.pertanian.go.id/doc/1/Bahan Raker PPID 2015/H1-N4-KemenKeu.pdf"
H1-N5-Pusdatin.pdf;;;"Biro Hubungan Masyarakat dan Informasi Publik";2015;pdf;;;;;"http://ppid.pertanian.go.id/doc/1/Bahan Raker PPID 2015/H1-N5-Pusdatin.pdf"
H1-N6-Kominfo.pdf;;;"Biro Hubungan Masyarakat dan Informasi Publik";2015;pdf;;;;;"http://ppid.pertanian.go.id/doc/1/Bahan Raker PPID 2015/H1-N6-Kominfo.pdf"
"H2-PPID Balitbang.pdf";;;"Biro Hubungan Masyarakat dan Informasi Publik";2015;pdf;;;;;"http://ppid.pertanian.go.id/doc/1/Bahan Raker PPID 2015/H2-PPID Balitbang.pdf"
"H2-PPID BPPSDMP.pdf";;;"Biro Hubungan Masyarakat dan Informasi Publik";2015;pdf;;;;;"http://ppid.pertanian.go.id/doc/1/Bahan Raker PPID 2015/H2-PPID BPPSDMP.pdf"
"H2-PPID BKP.pdf";;;"Biro Hubungan Masyarakat dan Informasi Publik";2015;pdf;;;;;"http://ppid.pertanian.go.id/doc/1/Bahan Raker PPID 2015/H2-PPID BKP.pdf"
"H2-PPID Hortikultura.pdf";;;"Biro Hubungan Masyarakat dan Informasi Publik";2015;pdf;;;;;"http://ppid.pertanian.go.id/doc/1/Bahan Raker PPID 2015/H2-PPID Hortikultura.pdf"
"H2-PPID Ditjenbun.pdf";;;"Biro Hubungan Masyarakat dan Informasi Publik";2015;pdf;;;;;"http://ppid.pertanian.go.id/doc/1/Bahan Raker PPID 2015/H2-PPID Ditjenbun.pdf"
"H2-PPID Karantina.pdf";;;"Biro Hubungan Masyarakat dan Informasi Publik";2015;pdf;;;;;"http://ppid.pertanian.go.id/doc/1/Bahan Raker PPID 2015/H2-PPID Karantina.pdf"
"H2-PPID Itjen.pdf";;;"Biro Hubungan Masyarakat dan Informasi Publik";2015;pdf;;;;;"http://ppid.pertanian.go.id/doc/1/Bahan Raker PPID 2015/H2-PPID Itjen.pdf"
"H2-PPID PPHP.pdf";;;"Biro Hubungan Masyarakat dan Informasi Publik";2015;pdf;;;;;"http://ppid.pertanian.go.id/doc/1/Bahan Raker PPID 2015/H2-PPID PPHP.pdf"
"H2-PPID Peternakan dan Keswan.pdf";;;"Biro Hubungan Masyarakat dan Informasi Publik";2015;pdf;;;;;"http://ppid.pertanian.go.id/doc/1/Bahan Raker PPID 2015/H2-PPID Peternakan dan Keswan.pdf"
"H2-PPID PSP.pdf";;;"Biro Hubungan Masyarakat dan Informasi Publik";2015;pdf;;;;;"http://ppid.pertanian.go.id/doc/1/Bahan Raker PPID 2015/H2-PPID PSP.pdf"
"H2-PPID Setjen.pdf";;;"Biro Hubungan Masyarakat dan Informasi Publik";2015;pdf;;;;;"http://ppid.pertanian.go.id/doc/1/Bahan Raker PPID 2015/H2-PPID Setjen.pdf"
"H2-PPID Tanaman Pangan.pdf";;;"Biro Hubungan Masyarakat dan Informasi Publik";2015;pdf;;;;;"http://ppid.pertanian.go.id/doc/1/Bahan Raker PPID 2015/H2-PPID Tanaman Pangan.pdf"
"Keynote Speech Sekjen.pdf";;;"Biro Hubungan Masyarakat dan Informasi Publik";2015;pdf;;;;;"http://ppid.pertanian.go.id/doc/1/Bahan Raker PPID 2015/Keynote Speech Sekjen.pdf"
"Laporan Panitia Karo HIP Raker PPID 2015.pdf";;;"Biro Hubungan Masyarakat dan Informasi Publik";2015;pdf;;;;;"http://ppid.pertanian.go.id/doc/1/Bahan Raker PPID 2015/Laporan Panitia Karo HIP Raker PPID 2015.pdf"
"Rumusan Hasil Rapat Komisi.pdf";;;"Biro Hubungan Masyarakat dan Informasi Publik";2015;pdf;;;;;"http://ppid.pertanian.go.id/doc/1/Bahan Raker PPID 2015/Rumusan Hasil Rapat Komisi.pdf"
"Buku Legowo FINAL rev 02.pdf";;;"Badan Penelitian Dan Pengembangan Pertanian";2014;pdf;;;;;"http://ppid.pertanian.go.id/doc/1/BBPADI/Buku Legowo FINAL rev 02.pdf"
"Budidata Cabe Rawit";"Direktorat Budidaya Tanaman Sayuran dan Biofarmaka";;"Direktorat Jenderal Hortikultura";2015;pdf;;;;;"http://bppsdmp.ppid.pertanian.go.id/doc/19/budidaya /Budidaya Cabe Rawit.pdf"
"Menanam Cabe Merah";"Rizqi Sri Agraini";;"Badan Penelitian Dan Pengembangan Pertanian";2015;pdf;;;;;"http://bppsdmp.ppid.pertanian.go.id/doc/19/Menanam/Menanam Cabe Merah.pdf"
"LAPORAN BULANAN PVTPP";PVTPP;;"Pusat Perlindungan Varietas Tanaman Dan Perizinan Pertanian";2016;pdf;;;;;"http://ppid.pertanian.go.id/doc/1/Laporan Bulanan PVTPP/LAPORAN BULANAN PVTPP"
"KEBIJAKAN STRATEGIS DITJEN PERKEBUNAN";"Ditjen Perkebunan";;"Direktorat Jenderal Perkebunan";2016;pdf;;;;;"http://ppid.pertanian.go.id/doc/1/Laporan Bulanan PVTPP/KENIJAKAN STRATEGIS DITJEN PERKEBUNAN 2015-2019/KEBIJAKAN STRATEGIS DITJEN PERKEBUNAN"
"Laporan Tahunan PPID Kementerian Pertanian Tahun 2015.pdf";"Biro Humas dan Informasi Publik";;"Biro Umum Dan Pengadaan";2016;pdf;;;;;"http://ppid.pertanian.go.id/doc/1/Laporan Tahunan PPID/Laporan Tahunan PPID Kementerian Pertanian Tahun 2015.pdf"
"Daftar Informasi Publik Tahun 2015.pdf";"Biro Hukum dan Informasi Publik";;"Biro Hubungan Masyarakat dan Informasi Publik";2016;pdf;;;;;"http://ppid.pertanian.go.id/doc/1/Daftar IP Yang Dikuasai Lingkup Kementan/Daftar Informasi Publik Tahun 2015.pdf"
"Peraturan Menteri Pertanian No. 43 Tentang Organisasi dan Tata Kerja Kementan";;;"Biro Hubungan Masyarakat dan Informasi Publik";2016;pdf;;;;;"http://ppid.pertanian.go.id/doc/1/Undang - Undang Baru/Peraturan Menteri Pertanian No. 43 Tentang Organisasi dan Tata Kerja Kementan.pdf"
"20160526_Ibnu Hamad Guru Besar UI-RAKER PPID KEMENTAN.pdf";;;;2016;pdf;;;;;"http://ppid.pertanian.go.id/doc/1/20160526_Ibnu Hamad Guru Besar UI-RAKER PPID KEMENTAN.pdf"
"20160526_Bu Esti Biro Organisasi Kepegawaian.pdf";;;;2016;pdf;;;;;"http://ppid.pertanian.go.id/doc/1/20160526_Bu Esti Biro Organisasi Kepegawaian.pdf"
"20160526_ KI-Presentasi Penguatan PPID di Lingkungan KemenTan.pdf";;;;2016;pdf;;;;;"http://ppid.pertanian.go.id/doc/1/20160526_ KI-Presentasi Penguatan PPID di Lingkungan KemenTan.pdf"
"20160526_Karo Humas IP-Strategi Kementan Pengelolaan IP.pdf";;;;2016;pdf;;;;;"http://ppid.pertanian.go.id/doc/1/20160526_Karo Humas IP-Strategi Kementan Pengelolaan IP.pdf"
"20160526_Kemen PU-Paparan Narsum Kegiatan Kementerian Pertanian.pdf";;;;2016;pdf;;;;;"http://ppid.pertanian.go.id/doc/1/20160526_Kemen PU-Paparan Narsum Kegiatan Kementerian Pertanian.pdf"
"20160526_KemenKeu-Slide PPID Kementerian Pertanian.pdf";;;;2016;pdf;;;;;"http://ppid.pertanian.go.id/doc/1/20160526_KemenKeu-Slide PPID Kementerian Pertanian.pdf"
"20160526_KEMENPANRB-Raker PPID Kementan.pdf";;;;2016;pdf;;;;;"http://ppid.pertanian.go.id/doc/1/20160526_KEMENPANRB-Raker PPID Kementan.pdf"
"Materi Pusdatin Raker PPID 2016";;;;2016;pdf;;;;;"http://ppid.pertanian.go.id/doc/1/20160526-KaPusdatin materi strategi pengelolaan media digital.pdf"
"PERATURAN KEPALA ANRI NO 38  TAHUN 2015.pdf";;;;2016;pdf;;;;;"http://ppid.pertanian.go.id/doc/1/PERATURAN KEPALA ANRI NO 38  TAHUN 2015.pdf"
"PENGAWASAN KEARSIPAN GUNA MENUNJANG AKUNTABILITAS KINERJA.pdf";;;;2016;pdf;;;;;"http://ppid.pertanian.go.id/doc/1/PENGAWASAN KEARSIPAN GUNA MENUNJANG AKUNTABILITAS KINERJA.pdf"
"KEBIJAKAN DAN PENGAWASAN 2016 - KEMENTERIAN PERTANIAN.pdf";;;;2016;pdf;;;;;"http://ppid.pertanian.go.id/doc/1/KEBIJAKAN DAN PENGAWASAN 2016 - KEMENTERIAN PERTANIAN.pdf"
"Permentan 25 Tahun 2016";;;"Biro Hubungan Masyarakat dan Informasi Publik";2016;pdf;;;;;"http://ppid.pertanian.go.id/doc/1/Undang - Undang Baru/Peraturan Menteri Pertanian Nomor 25 Tahun 2016.pdf"
"Penguatan PPID di Lingkup Kementerian pertanian";;;"Biro Hubungan Masyarakat dan Informasi Publik";2016;pdf;;;;;"http://ppid.pertanian.go.id/doc/1/MATERI WORKSHOP PPID 27-28 JULI 2016/Penguatan PPID di Lingkup Kementerian pertanian.pdf"
"Rapat Koordinasi Pangan-1";;;"Biro Hubungan Masyarakat dan Informasi Publik";2016;pdf;;;;;"http://ppid.pertanian.go.id/doc/1/MATERI WORKSHOP PPID 27-28 JULI 2016/Rapat Koordinasi Pangan-1.pdf"
"Pembangunan Pertanian & Keterbukaan IP";;;"Biro Hubungan Masyarakat dan Informasi Publik";2016;pdf;;;;;"http://ppid.pertanian.go.id/doc/1/MATERI WORKSHOP PPID 27-28 JULI 2016/Pembangunan Pertanian & Keterbukaan IP.pdf"
